1,2,4,7,15
19-07-24,08:57:30,21,44,0
19-07-24,08:57:45,21,44,0
19-07-24,08:58:00,21,43,0
19-07-24,08:58:15,21,43,4
19-07-24,08:58:30,21,43,0
19-07-24,08:58:45,21,43,0
19-07-24,08:59:00,21,43,0
19-07-24,08:59:15,21,43,0
19-07-24,08:59:30,21,43,0
19-07-24,08:59:45,21,43,0
19-07-24,09:00:00,21,43,0
19-07-24,12:16:15,34,16,877
19-07-24,12:16:30,34,16,874
19-07-24,12:16:45,34,16,876
19-07-24,12:17:00,34,16,877
19-07-24,12:17:15,34,16,878
19-07-24,12:17:30,34,16,881
19-07-24,12:17:45,34,16,870
19-07-24,12:18:00,34,16,882
19-07-24,12:18:15,34,16,880
19-07-24,12:18:30,34,16,883
19-07-24,12:18:45,34,15,884
19-07-24,12:19:00,34,15,881
19-07-24,12:19:15,34,16,882
19-07-24,12:19:30,34,15,885
19-07-24,12:19:45,34,16,884
19-07-24,12:20:00,34,16,885
19-07-24,12:20:15,34,16,885
19-07-24,12:20:30,34,16,886
19-07-24,12:20:45,34,16,886
19-07-24,12:21:00,34,16,887
19-07-24,12:21:15,34,16,888
19-07-24,12:21:30,34,16,888
19-07-24,12:21:45,34,16,890
19-07-24,12:22:00,34,16,888
19-07-24,12:22:15,34,16,889
19-07-24,12:22:30,34,16,889
19-07-24,12:22:45,34,16,889
19-07-24,12:23:00,34,16,890
19-07-24,12:23:15,34,16,890
19-07-24,12:23:30,34,16,891
19-07-24,12:23:45,34,16,890
19-07-24,12:24:00,34,16,890
19-07-24,12:24:15,34,16,894
19-07-24,12:24:30,34,16,894
19-07-24,12:24:45,34,16,895
19-07-24,12:25:00,34,15,896
19-07-24,12:25:15,34,15,895
19-07-24,12:25:30,34,15,894
19-07-24,12:25:45,34,15,893
19-07-24,12:26:00,999,999,893
19-07-24,12:26:15,999,999,892
19-07-24,12:26:30,999,999,892
19-07-24,12:26:45,999,999,895
19-07-24,12:27:00,999,999,897
19-07-24,12:27:15,34,15,900
19-07-24,12:27:30,34,15,900
19-07-24,12:27:45,34,16,898
19-07-24,12:28:00,34,16,898
19-07-24,12:28:15,34,16,900
19-07-24,12:28:30,34,16,899
19-07-24,12:28:45,34,15,900
19-07-24,12:29:00,34,16,902
19-07-24,12:29:15,34,16,903
19-07-24,12:29:30,34,16,904
19-07-24,12:29:45,34,16,904
19-07-24,12:30:00,34,15,905
19-07-24,12:30:15,34,15,904
19-07-24,12:30:30,34,15,904
19-07-24,12:30:45,34,15,903
19-07-24,12:31:00,34,15,902
19-07-24,12:31:15,34,15,903
19-07-24,12:31:30,34,15,903
19-07-24,12:31:45,34,16,903
19-07-24,12:32:00,34,16,904
19-07-24,12:32:15,34,16,904
19-07-24,12:32:30,34,16,906
19-07-24,12:32:45,34,16,907
19-07-24,12:33:00,34,16,910
19-07-24,12:33:15,34,16,908
19-07-24,12:33:30,34,16,910
19-07-24,12:33:45,34,16,910
19-07-24,12:34:00,34,16,910
19-07-24,12:34:15,34,16,910
19-07-24,12:34:30,34,16,911
19-07-24,12:34:45,34,16,910
19-07-24,12:35:00,34,16,911
19-07-24,12:35:15,34,16,911
19-07-24,12:35:30,34,16,911
19-07-24,12:35:45,34,16,911
19-07-24,12:36:00,34,16,909
19-07-24,12:36:15,34,16,909
19-07-24,12:36:30,34,15,908
19-07-24,12:36:45,34,16,909
19-07-24,12:37:00,34,16,910
19-07-24,12:37:15,34,16,911
19-07-24,12:37:30,34,16,913
19-07-24,12:37:45,34,16,913
19-07-24,12:38:00,34,16,913
19-07-24,12:38:15,34,16,912
19-07-24,12:38:30,34,16,914
19-07-24,12:38:45,34,16,915
19-07-24,12:39:00,34,16,915
19-07-24,12:39:15,34,16,916
19-07-24,12:39:30,34,16,915
19-07-24,12:39:45,34,16,914
19-07-24,12:40:00,34,16,914
19-07-24,12:40:15,34,16,915
19-07-24,12:40:30,34,16,915
19-07-24,12:40:45,34,16,916
19-07-24,12:41:00,34,16,917
19-07-24,12:41:15,34,16,918
19-07-24,12:41:30,34,16,919
19-07-24,12:41:45,34,16,920
19-07-24,12:42:00,34,16,920
19-07-24,12:42:15,34,16,921
19-07-24,12:42:30,34,16,921
19-07-24,12:42:45,34,16,922
19-07-24,12:43:00,34,16,923
19-07-24,12:43:15,34,16,923
19-07-24,12:43:30,34,16,923
19-07-24,12:43:45,34,16,924
19-07-24,12:44:00,34,16,925
19-07-24,12:44:15,34,16,926
19-07-24,12:44:30,34,16,925
19-07-24,12:44:45,34,16,925
19-07-24,12:45:00,34,16,927
19-07-24,12:45:15,34,16,925
19-07-24,12:45:30,34,16,926
19-07-24,12:45:45,34,16,927
19-07-24,12:46:00,34,16,925
19-07-24,12:46:15,34,16,926
19-07-24,12:46:30,34,16,926
19-07-24,12:46:45,34,16,926
19-07-24,12:47:00,34,16,926
19-07-24,12:47:15,34,16,929
19-07-24,12:47:30,34,16,930
19-07-24,12:47:45,34,16,930
19-07-24,12:48:00,34,16,930
19-07-24,12:48:15,34,16,930
19-07-24,12:48:30,34,16,930
19-07-24,12:48:45,34,16,930
19-07-24,12:49:00,34,16,931
19-07-24,12:49:15,34,16,933
19-07-24,12:49:30,35,16,932
19-07-24,12:49:45,35,16,933
19-07-24,12:50:00,35,16,932
19-07-24,12:50:15,35,16,932
19-07-24,12:50:30,35,15,930
19-07-24,12:50:45,35,15,932
19-07-24,12:51:00,35,15,931
19-07-24,12:51:15,35,16,930
19-07-24,12:51:30,35,16,933
19-07-24,12:51:45,35,16,933
19-07-24,12:52:00,35,16,934
19-07-24,12:52:15,34,16,933
19-07-24,12:52:30,34,16,935
19-07-24,12:52:45,34,16,936
19-07-24,12:53:00,34,16,934
19-07-24,12:53:15,34,16,933
19-07-24,12:53:30,34,16,934
19-07-24,12:53:45,34,16,933
19-07-24,12:54:00,34,16,933
19-07-24,12:54:15,34,16,934
19-07-24,12:54:30,34,16,935
19-07-24,12:54:45,34,16,934
19-07-24,12:55:00,34,17,934
19-07-24,12:55:15,34,17,934
19-07-24,12:55:30,34,17,934
19-07-24,12:55:45,34,17,934
19-07-24,12:56:00,34,17,938
19-07-24,12:56:15,34,17,937
19-07-24,12:56:30,34,17,937
19-07-24,12:56:45,34,17,938
19-07-24,12:57:00,34,17,938
19-07-24,12:57:15,34,16,939
19-07-24,12:57:30,34,16,938
19-07-24,12:57:45,34,16,938
19-07-24,12:58:00,35,16,939
19-07-24,12:58:15,35,16,938
19-07-24,12:58:30,35,16,940
19-07-24,12:58:45,35,16,938
19-07-24,12:59:00,35,16,937
19-07-24,12:59:15,35,16,941
19-07-24,12:59:30,35,16,940
19-07-24,12:59:45,35,16,940
19-07-24,13:00:00,35,16,941
19-07-24,13:00:15,35,16,943
19-07-24,13:00:30,35,16,942
19-07-24,13:00:45,35,16,942
19-07-24,13:01:00,35,16,941
19-07-24,13:01:15,35,16,942
19-07-24,13:01:30,35,15,945
19-07-24,13:01:45,35,15,946
19-07-24,13:02:00,35,15,947
19-07-24,13:02:15,35,15,950
19-07-24,13:02:30,35,15,950
19-07-24,13:02:45,35,15,952
19-07-24,13:03:00,35,15,951
19-07-24,13:03:15,35,14,953
19-07-24,13:03:30,35,15,954
19-07-24,13:03:45,34,15,954
19-07-24,13:04:00,34,15,953
19-07-24,13:04:15,34,15,952
19-07-24,13:04:30,34,15,953
19-07-24,13:04:45,34,15,953
19-07-24,13:05:00,34,15,954
19-07-24,13:05:15,34,15,955
19-07-24,13:05:30,34,16,954
19-07-24,13:05:45,34,15,955
19-07-24,13:06:00,34,16,954
19-07-24,13:06:15,34,16,955
19-07-24,13:06:30,34,15,954
19-07-24,13:06:45,34,15,954
19-07-24,13:07:00,35,15,955
19-07-24,13:07:15,35,15,952
19-07-24,13:07:30,35,15,953
19-07-24,13:08:00,35,15,953
19-07-24,13:08:15,35,15,954
19-07-24,13:08:30,35,15,954
19-07-24,13:08:45,35,15,957
19-07-24,13:09:00,35,15,956
19-07-24,13:09:15,35,14,957
19-07-24,13:09:30,35,14,958
19-07-24,13:09:45,35,14,957
19-07-24,13:10:00,35,14,959
19-07-24,13:10:15,35,14,958
19-07-24,13:10:30,35,14,958
19-07-24,13:10:45,35,14,958
19-07-24,13:11:00,35,14,961
19-07-24,13:11:15,35,14,963
19-07-24,13:11:30,35,14,964
19-07-24,13:11:45,35,14,964
19-07-24,13:12:00,35,14,966
19-07-24,13:12:15,35,14,965
19-07-24,13:12:30,35,14,963
19-07-24,13:12:45,34,14,962
19-07-24,13:13:00,34,14,962
19-07-24,13:13:15,34,14,961
19-07-24,13:13:30,35,15,961
19-07-24,13:13:45,35,15,960
19-07-24,13:14:00,35,15,961
19-07-24,13:14:15,34,15,963
19-07-24,13:14:30,34,15,962
19-07-24,13:14:45,34,15,964
19-07-24,13:15:00,34,15,964
19-07-24,13:15:15,34,15,964
19-07-24,13:15:30,34,15,964
19-07-24,13:15:45,34,15,964
19-07-24,13:16:00,34,15,963
19-07-24,13:16:15,34,15,962
19-07-24,13:16:30,35,15,964
19-07-24,13:16:45,35,15,965
19-07-24,13:17:00,35,14,965
19-07-24,13:17:15,35,14,968
19-07-24,13:17:30,35,14,966
19-07-24,13:17:45,35,14,965
19-07-24,13:18:00,35,14,964
19-07-24,13:18:15,35,14,965
19-07-24,13:18:30,35,14,966
19-07-24,13:18:45,35,14,967
19-07-24,13:19:00,36,14,965
19-07-24,13:19:15,36,14,966
19-07-24,13:19:30,36,14,967
19-07-24,13:19:45,36,14,969
19-07-24,13:20:00,36,14,970
19-07-24,13:20:15,36,14,971
19-07-24,13:20:30,36,14,971
19-07-24,13:20:45,36,14,970
19-07-24,13:21:00,36,14,970
19-07-24,13:21:15,35,14,970
19-07-24,13:21:30,35,14,969
19-07-24,13:21:45,35,14,969
19-07-24,13:22:00,35,14,971
19-07-24,13:22:15,35,14,971
19-07-24,13:22:30,35,14,970
19-07-24,13:22:45,35,14,970
19-07-24,13:23:00,35,14,974
19-07-24,13:23:15,35,14,973
19-07-24,13:23:30,35,15,972
19-07-24,13:23:45,35,15,972
19-07-24,13:24:00,35,15,974
19-07-24,13:24:15,35,15,975
19-07-24,13:24:30,35,15,974
19-07-24,13:24:45,35,15,972
19-07-24,13:25:00,35,15,973
19-07-24,13:25:15,35,15,972
19-07-24,13:25:30,34,15,971
19-07-24,13:25:45,35,15,972
19-07-24,13:26:00,35,15,974
19-07-24,13:26:15,35,15,973
19-07-24,13:26:30,35,15,972
19-07-24,13:26:45,35,15,972
19-07-24,13:27:00,35,15,972
19-07-24,13:27:15,35,16,972
19-07-24,13:27:30,35,15,974
19-07-24,13:27:45,35,15,974
19-07-24,13:28:00,35,15,977
19-07-24,13:28:15,35,15,977
19-07-24,13:28:30,35,15,977
19-07-24,13:28:45,35,15,977
19-07-24,13:29:00,35,15,975
19-07-24,13:29:15,35,15,973
19-07-24,13:29:30,35,15,973
19-07-24,13:29:45,35,15,977
19-07-24,13:30:00,35,15,977
19-07-24,13:30:15,35,15,975
19-07-24,13:30:30,35,15,977
19-07-24,13:30:45,35,15,977
19-07-24,13:31:00,35,15,978
19-07-24,13:31:15,35,15,979
19-07-24,13:31:30,35,15,977
19-07-24,13:31:45,35,15,976
19-07-24,13:32:00,35,15,976
19-07-24,13:32:15,35,15,974
19-07-24,13:32:30,35,15,976
19-07-24,13:32:45,35,15,975
19-07-24,13:33:00,35,15,975
19-07-24,13:33:15,35,15,978
19-07-24,13:33:30,35,15,978
19-07-24,13:33:45,35,15,979
19-07-24,13:34:00,35,15,980
19-07-24,13:34:15,35,15,978
19-07-24,13:34:30,35,15,976
19-07-24,13:34:45,35,15,977
19-07-24,13:35:00,35,15,978
19-07-24,13:35:15,35,15,978
19-07-24,13:35:30,35,15,978
19-07-24,13:35:45,35,15,978
19-07-24,13:36:00,35,15,976
19-07-24,13:36:15,35,15,977
19-07-24,13:36:30,35,15,980
19-07-24,13:36:45,35,15,981
19-07-24,13:37:00,35,15,982
19-07-24,13:37:15,35,15,981
19-07-24,13:37:30,35,15,980
19-07-24,13:37:45,35,15,981
19-07-24,13:38:00,35,15,980
19-07-24,13:38:15,35,15,982
19-07-24,13:38:30,35,15,981
19-07-24,13:38:45,35,15,984
19-07-24,13:39:00,35,15,982
19-07-24,13:39:15,35,15,982
19-07-24,13:39:30,35,15,982
19-07-24,13:39:45,35,15,981
19-07-24,13:40:00,35,15,981
19-07-24,13:40:15,35,15,982
19-07-24,13:40:30,35,15,980
19-07-24,13:40:45,35,15,980
19-07-24,13:41:00,35,15,983
19-07-24,13:41:15,35,15,983
19-07-24,13:41:30,35,15,980
19-07-24,13:41:45,35,15,981
19-07-24,13:42:00,35,15,984
19-07-24,13:42:15,35,15,984
19-07-24,13:42:30,35,15,983
19-07-24,13:42:45,35,15,985
19-07-24,13:43:00,35,15,984
19-07-24,13:43:15,35,15,983
19-07-24,13:43:30,35,15,985
19-07-24,13:43:45,35,15,984
19-07-24,13:44:00,35,15,984
19-07-24,13:44:15,35,15,984
19-07-24,13:44:30,35,15,983
19-07-24,13:44:45,35,15,983
19-07-24,13:45:00,35,15,985
19-07-24,13:45:15,35,15,985
19-07-24,13:45:30,35,15,983
19-07-24,13:45:45,35,15,984
19-07-24,13:46:00,35,15,984
19-07-24,13:46:15,35,16,986
19-07-24,13:46:30,35,16,989
19-07-24,13:46:45,35,16,987
19-07-24,13:47:00,35,16,986
19-07-24,13:47:15,35,16,985
19-07-24,13:47:30,35,16,987
19-07-24,13:47:45,35,16,988
19-07-24,13:48:00,35,16,987
19-07-24,13:48:15,35,16,988
19-07-24,13:48:30,35,16,988
19-07-24,13:48:45,35,16,988
19-07-24,13:49:00,35,16,987
19-07-24,13:49:15,35,16,987
19-07-24,13:49:30,35,16,989
19-07-24,13:49:45,35,16,989
19-07-24,13:50:00,35,16,987
19-07-24,13:50:15,35,16,987
19-07-24,13:50:30,35,16,988
19-07-24,13:50:45,35,16,985
19-07-24,13:51:00,35,16,987
19-07-24,13:51:15,35,16,987
19-07-24,13:51:30,35,16,986
19-07-24,13:51:45,35,16,986
19-07-24,13:52:00,35,16,988
19-07-24,13:52:15,35,16,987
19-07-24,13:52:30,35,16,987
19-07-24,13:52:45,35,16,987
19-07-24,13:53:00,35,16,986
19-07-24,13:53:15,35,16,984
19-07-24,13:53:30,35,16,986
19-07-24,13:53:45,35,16,986
19-07-24,13:54:00,35,16,985
19-07-24,13:54:15,35,16,983
19-07-24,13:54:30,35,16,985
19-07-24,13:54:45,35,16,985
19-07-24,13:55:00,35,16,984
19-07-24,13:55:15,35,16,986
19-07-24,13:55:30,35,16,986
19-07-24,13:55:45,35,16,986
19-07-24,13:56:00,35,15,989
19-07-24,13:56:15,35,15,990
19-07-24,13:56:30,35,15,990
19-07-24,13:56:45,35,16,989
19-07-24,13:57:00,35,16,989
19-07-24,13:57:15,35,16,987
19-07-24,13:57:30,35,16,987
19-07-24,13:57:45,35,16,987
19-07-24,13:58:00,35,16,988
19-07-24,13:58:15,35,16,987
19-07-24,13:58:30,35,16,988
19-07-24,13:58:45,35,16,989
19-07-24,13:59:00,35,16,987
19-07-24,13:59:15,35,16,987
19-07-24,13:59:30,35,16,988
19-07-24,13:59:45,35,16,987
19-07-24,14:00:00,35,16,988
19-07-24,14:00:15,35,16,987
19-07-24,14:00:30,35,16,987
19-07-24,14:00:45,35,15,990
19-07-24,14:01:15,0,0,991
19-07-24,14:01:30,35,15,991
19-07-24,14:01:45,35,15,992
19-07-24,14:02:00,35,15,989
19-07-24,14:02:15,35,15,988
19-07-24,14:02:30,35,15,990
19-07-24,14:02:45,35,15,990
19-07-24,14:03:00,35,15,990
19-07-24,14:03:15,35,15,990
19-07-24,14:03:30,35,15,991
19-07-24,14:03:45,35,15,991
19-07-24,14:04:00,35,16,989
19-07-24,14:04:15,35,16,991
19-07-24,14:04:30,35,15,991
19-07-24,14:04:45,35,16,991
19-07-24,14:05:00,35,16,990
19-07-24,14:05:15,35,15,992
19-07-24,14:05:30,34,16,991
19-07-24,14:05:45,34,16,991
19-07-24,14:06:00,34,16,990
19-07-24,14:06:15,35,16,991
19-07-24,14:06:30,35,16,993
19-07-24,14:06:45,35,16,993
19-07-24,14:07:00,35,16,993
19-07-24,14:07:15,35,16,993
19-07-24,14:07:30,35,16,993
19-07-24,14:07:45,34,16,991
19-07-24,14:08:00,35,16,991
19-07-24,14:08:15,34,16,990
19-07-24,14:08:30,35,16,991
19-07-24,14:08:45,35,16,991
19-07-24,14:09:00,35,16,991
19-07-24,14:09:15,35,16,993
19-07-24,14:09:30,35,15,993
19-07-24,14:09:45,35,15,993
19-07-24,14:10:00,35,15,992
19-07-24,14:10:15,35,15,993
19-07-24,14:10:30,35,15,996
19-07-24,14:10:45,35,15,997
19-07-24,14:11:00,35,15,994
19-07-24,14:11:15,35,15,994
19-07-24,14:11:30,35,15,994
19-07-24,14:11:45,35,16,992
19-07-24,14:12:00,35,16,991
19-07-24,14:12:15,35,16,991
19-07-24,14:12:30,35,16,991
19-07-24,14:12:45,35,16,991
19-07-24,14:13:00,35,16,991
19-07-24,14:13:15,35,16,992
19-07-24,14:13:30,35,16,992
19-07-24,14:13:45,35,16,992
19-07-24,14:14:00,35,16,992
19-07-24,14:14:15,35,16,991
19-07-24,14:14:30,35,16,990
19-07-24,14:14:45,35,16,993
19-07-24,14:15:00,35,16,993
19-07-24,14:15:15,35,15,993
19-07-24,14:15:30,35,16,993
19-07-24,14:15:45,35,16,992
19-07-24,14:16:00,35,15,992
19-07-24,14:16:15,35,15,992
19-07-24,14:16:30,35,16,992
19-07-24,14:16:45,35,16,993
19-07-24,14:17:00,35,16,993
19-07-24,14:17:15,35,16,991
19-07-24,14:17:30,35,16,993
19-07-24,14:17:45,35,16,995
19-07-24,14:18:00,35,16,994
19-07-24,14:18:15,35,16,994
19-07-24,14:18:30,35,16,995
19-07-24,14:18:45,35,16,993
19-07-24,14:19:00,35,16,993
19-07-24,14:19:15,35,16,992
19-07-24,14:19:30,35,16,994
19-07-24,14:19:45,35,16,994
19-07-24,14:20:00,35,16,993
19-07-24,14:20:15,35,16,993
19-07-24,14:20:30,35,16,995
19-07-24,14:20:45,35,16,993
19-07-24,14:21:00,35,16,994
19-07-24,14:21:15,35,16,993
19-07-24,14:21:30,35,16,992
19-07-24,14:21:45,35,16,993
19-07-24,14:22:00,35,16,993
19-07-24,14:22:15,35,16,994
19-07-24,14:22:30,35,16,994
19-07-24,14:22:45,35,16,995
19-07-24,14:23:00,35,15,997
19-07-24,14:23:15,35,16,993
19-07-24,14:23:30,35,16,993
19-07-24,14:23:45,35,16,993
19-07-24,14:24:00,35,16,993
19-07-24,14:24:15,35,16,992
19-07-24,14:24:30,35,15,992
19-07-24,14:24:45,35,15,992
19-07-24,14:25:00,35,15,993
19-07-24,14:25:15,35,15,993
19-07-24,14:25:30,35,15,995
19-07-24,14:25:45,35,15,996
19-07-24,14:26:00,35,15,996
19-07-24,14:26:15,35,15,995
19-07-24,14:26:30,35,16,994
19-07-24,14:26:45,35,16,996
19-07-24,14:27:00,35,16,995
19-07-24,14:27:15,35,16,996
19-07-24,14:27:30,35,16,995
19-07-24,14:27:45,35,16,994
19-07-24,14:28:00,35,16,994
19-07-24,14:28:15,35,16,993
19-07-24,14:28:30,35,16,994
19-07-24,14:28:45,35,16,994
19-07-24,14:29:00,35,16,993
19-07-24,14:29:15,35,16,994
19-07-24,14:29:30,35,16,995
19-07-24,14:29:45,35,15,996
19-07-24,14:30:00,35,15,994
19-07-24,14:30:15,35,15,994
19-07-24,14:30:30,35,16,994
19-07-24,14:30:45,35,15,997
19-07-24,14:31:00,36,15,996
19-07-24,14:31:15,36,15,997
19-07-24,14:31:30,35,15,996
19-07-24,14:31:45,35,15,997
19-07-24,14:32:00,35,15,997
19-07-24,14:32:15,35,16,997
19-07-24,14:32:30,35,16,998
19-07-24,14:32:45,35,16,998
19-07-24,14:33:00,35,16,996
19-07-24,14:33:15,35,16,997
19-07-24,14:33:30,35,16,995
19-07-24,14:33:45,35,16,995
19-07-24,14:34:00,35,16,994
19-07-24,14:34:15,35,16,994
19-07-24,14:34:30,35,16,995
19-07-24,14:34:45,35,16,994
19-07-24,14:35:00,35,16,993
19-07-24,14:35:15,35,16,994
19-07-24,14:35:30,35,16,995
19-07-24,14:35:45,35,16,994
19-07-24,14:36:00,35,16,994
19-07-24,14:36:15,35,16,992
19-07-24,14:36:30,35,16,992
19-07-24,14:36:45,35,16,993
19-07-24,14:37:00,35,16,994
19-07-24,14:37:15,35,16,996
19-07-24,14:37:30,35,16,996
19-07-24,14:37:45,35,16,996
19-07-24,14:38:00,35,16,994
19-07-24,14:38:15,35,15,993
19-07-24,14:38:30,35,15,993
19-07-24,14:38:45,35,14,992
19-07-24,14:39:00,35,15,993
19-07-24,14:39:15,35,15,995
19-07-24,14:39:30,35,15,994
19-07-24,14:39:45,35,15,994
19-07-24,14:40:00,35,15,994
19-07-24,14:40:15,35,15,995
19-07-24,14:40:30,35,15,994
19-07-24,14:40:45,35,15,994
19-07-24,14:41:00,35,15,995
19-07-24,14:41:15,35,15,995
19-07-24,14:41:30,35,15,994
19-07-24,14:41:45,35,15,993
19-07-24,14:42:00,35,15,994
19-07-24,14:42:15,35,16,995
19-07-24,14:42:30,35,16,993
19-07-24,14:42:45,35,16,993
19-07-24,14:43:00,35,16,992
19-07-24,14:43:15,35,15,993
19-07-24,14:43:30,35,15,994
19-07-24,14:43:45,35,15,991
19-07-24,14:44:00,35,15,992
19-07-24,14:44:15,35,16,991
19-07-24,14:44:30,35,16,991
19-07-24,14:44:45,35,16,990
19-07-24,14:45:00,35,16,990
19-07-24,14:45:15,35,16,992
19-07-24,14:45:30,35,16,991
19-07-24,14:45:45,35,16,991
19-07-24,14:46:00,35,16,988
19-07-24,14:46:15,35,16,989
19-07-24,14:46:30,35,16,991
19-07-24,14:46:45,35,16,991
19-07-24,14:47:00,35,16,990
19-07-24,14:47:15,35,16,989
19-07-24,14:47:30,35,15,988
19-07-24,14:47:45,35,15,987
19-07-24,14:48:00,35,15,988
19-07-24,14:48:15,35,15,989
19-07-24,14:48:30,35,14,990
19-07-24,14:48:45,35,15,989
19-07-24,14:49:00,35,15,988
19-07-24,14:49:15,35,15,988
19-07-24,14:49:30,35,15,986
19-07-24,14:49:45,35,15,987
19-07-24,14:50:00,35,15,985
19-07-24,14:50:15,35,16,985
19-07-24,14:50:30,35,16,987
19-07-24,14:50:45,35,16,988
19-07-24,14:51:00,35,16,988
19-07-24,14:51:15,35,16,987
19-07-24,14:51:30,35,16,986
19-07-24,14:51:45,35,15,985
19-07-24,14:52:00,35,15,985
19-07-24,14:52:15,35,15,984
19-07-24,14:52:30,35,15,985
19-07-24,14:52:45,35,15,984
19-07-24,14:53:00,35,15,985
19-07-24,14:53:15,35,15,985
19-07-24,14:53:30,35,15,983
19-07-24,14:53:45,35,15,982
19-07-24,14:54:00,35,15,984
19-07-24,14:54:15,35,15,985
19-07-24,14:54:30,35,15,985
19-07-24,14:54:45,35,15,985
19-07-24,14:55:00,35,15,984
19-07-24,14:55:15,35,16,980
19-07-24,14:55:30,35,15,977
19-07-24,14:55:45,35,15,976
19-07-24,14:56:00,35,16,979
19-07-24,14:56:15,35,16,979
19-07-24,14:56:30,35,15,979
19-07-24,14:56:45,35,15,979
19-07-24,14:57:00,36,15,980
19-07-24,14:57:15,36,15,979
19-07-24,14:57:30,36,15,979
19-07-24,14:57:45,36,15,978
19-07-24,14:58:00,36,15,979
19-07-24,14:58:15,36,15,981
19-07-24,14:58:30,36,15,980
19-07-24,14:58:45,36,15,978
19-07-24,14:59:00,36,15,979
19-07-24,14:59:15,36,14,977
19-07-24,14:59:30,36,14,979
19-07-24,14:59:45,36,14,978
19-07-24,15:00:00,36,14,979
19-07-24,15:00:15,36,15,980
19-07-24,15:00:30,36,15,980
19-07-24,15:00:45,36,15,980
19-07-24,15:01:00,35,15,981
19-07-24,15:01:15,35,15,982
19-07-24,15:01:30,35,15,980
19-07-24,15:01:45,35,15,980
19-07-24,15:02:00,35,15,979
19-07-24,15:02:15,35,15,978
19-07-24,15:02:30,35,15,977
19-07-24,15:02:45,35,15,977
19-07-24,15:03:00,35,15,976
19-07-24,15:03:15,35,15,977
19-07-24,15:03:30,36,15,976
19-07-24,15:03:45,35,15,976
19-07-24,15:04:00,35,15,975
19-07-24,15:04:15,35,15,975
19-07-24,15:04:30,35,15,974
19-07-24,15:04:45,35,15,971
19-07-24,15:05:00,36,15,974
19-07-24,15:05:15,35,15,972
19-07-24,15:05:30,35,15,973
19-07-24,15:05:45,35,15,974
19-07-24,15:06:00,35,15,973
19-07-24,15:06:15,36,15,977
19-07-24,15:06:30,35,15,973
19-07-24,15:06:45,36,15,974
19-07-24,15:07:00,36,14,972
19-07-24,15:07:15,36,15,972
19-07-24,15:07:30,35,15,972
19-07-24,15:07:45,35,15,972
19-07-24,15:08:00,35,15,972
19-07-24,15:08:15,35,15,972
19-07-24,15:08:30,35,15,969
19-07-24,15:08:45,35,15,969
19-07-24,15:09:00,35,15,970
19-07-24,15:09:15,35,15,970
19-07-24,15:09:30,35,15,968
19-07-24,15:09:45,36,15,969
19-07-24,15:10:00,36,15,971
19-07-24,15:10:15,36,15,970
19-07-24,15:10:30,36,15,969
19-07-24,15:10:45,36,15,969
19-07-24,15:11:00,35,15,967
19-07-24,15:11:15,35,15,967
19-07-24,15:11:30,35,15,965
19-07-24,15:11:45,36,15,965
19-07-24,15:12:00,36,15,966
19-07-24,15:12:15,36,15,966
19-07-24,15:12:30,36,15,966
19-07-24,15:12:45,36,15,965
19-07-24,15:13:00,36,14,966
19-07-24,15:13:15,36,14,967
19-07-24,15:13:30,36,14,964
19-07-24,15:13:45,36,15,964
19-07-24,13:13:45,36,15,964
19-07-24,13:14:00,36,15,963
19-07-24,13:14:15,36,14,962
19-07-24,13:14:30,36,14,963
19-07-24,13:14:45,36,15,963
19-07-24,13:15:00,36,14,966
19-07-24,13:15:15,36,15,966
19-07-24,13:15:30,36,15,966
19-07-24,13:15:45,36,15,964
19-07-24,13:16:00,36,15,964
19-07-24,13:16:15,36,15,963
19-07-24,13:16:30,35,15,964
19-07-24,13:16:45,35,15,964
19-07-24,13:17:00,35,16,965
19-07-24,13:17:15,35,16,963
19-07-24,13:17:30,35,16,961
19-07-24,13:17:45,35,15,961
19-07-24,13:18:00,35,15,960
19-07-24,13:18:15,35,15,962
19-07-24,13:18:30,35,15,962
19-07-24,13:18:45,35,16,960
19-07-24,13:19:00,35,15,960
19-07-24,13:19:15,35,15,959
19-07-24,13:19:30,35,15,961
19-07-24,13:19:45,35,15,963
19-07-24,13:20:00,35,15,961
19-07-24,13:20:15,35,15,961
19-07-24,13:20:30,35,15,962
19-07-24,13:20:45,35,16,960
19-07-24,13:21:00,35,16,959
19-07-24,13:21:15,35,16,955
19-07-24,13:21:30,35,15,955
19-07-24,13:21:45,35,16,956
19-07-24,13:22:00,35,16,955
19-07-24,13:22:15,35,16,955
19-07-24,13:22:30,35,15,957
19-07-24,13:22:45,35,15,956
19-07-24,13:23:00,35,15,955
19-07-24,13:23:15,36,15,955
19-07-24,13:23:30,36,16,954
19-07-24,13:23:45,36,16,953
19-07-24,13:24:00,36,16,952
19-07-24,13:24:15,36,15,952
19-07-24,13:24:30,36,15,953
19-07-24,13:24:45,36,15,953
19-07-24,13:25:00,35,15,951
19-07-24,13:25:15,35,16,953
19-07-24,13:25:30,35,15,953
19-07-24,13:25:45,36,15,952
19-07-24,13:26:00,36,15,953
19-07-24,13:26:15,35,15,952
19-07-24,13:26:30,35,15,951
19-07-24,13:26:45,35,15,949
19-07-24,13:27:00,35,15,950
19-07-24,13:27:15,35,15,950
19-07-24,13:27:30,35,15,952
19-07-24,13:27:45,35,15,951
19-07-24,13:28:00,35,15,950
19-07-24,13:28:15,35,15,948
19-07-24,13:28:30,35,15,949
19-07-24,13:28:45,35,15,950
19-07-24,13:29:00,35,15,947
19-07-24,13:29:15,35,15,948
19-07-24,13:29:30,35,15,949
19-07-24,13:29:45,35,15,947
19-07-24,13:30:00,35,16,949
19-07-24,13:30:15,35,16,947
19-07-24,13:30:30,35,16,947
19-07-24,13:30:45,35,16,948
19-07-24,13:31:00,35,16,947
19-07-24,13:31:15,35,16,946
19-07-24,13:31:30,35,16,946
19-07-24,13:31:45,35,16,946
19-07-24,13:32:00,35,16,946
19-07-24,13:32:15,35,16,944
19-07-24,13:32:30,35,16,944
19-07-24,13:32:45,35,16,943
19-07-24,13:33:00,35,16,944
19-07-24,13:33:15,35,16,943
19-07-24,13:33:30,35,16,943
19-07-24,13:33:45,35,15,943
19-07-24,13:34:00,35,15,945
19-07-24,13:34:15,35,15,943
19-07-24,13:34:30,35,15,943
19-07-24,13:34:45,35,15,942
19-07-24,13:35:00,35,16,942
19-07-24,13:35:15,35,16,943
19-07-24,13:35:30,35,16,941
19-07-24,13:35:45,35,16,940
19-07-24,13:36:00,35,16,940
19-07-24,13:36:15,35,16,937
19-07-24,13:36:30,35,16,936
19-07-24,13:36:45,35,16,936
19-07-24,13:37:00,35,16,937
19-07-24,13:37:15,35,16,937
19-07-24,13:37:30,35,15,936
19-07-24,13:37:45,35,15,935
19-07-24,13:38:00,35,14,936
19-07-24,13:38:15,35,14,935
19-07-24,13:38:30,35,15,935
19-07-24,13:38:45,35,15,934
19-07-24,13:39:00,35,15,936
19-07-24,13:39:15,35,15,936
19-07-24,13:39:30,35,15,933
19-07-24,13:39:45,35,15,934
19-07-24,13:40:00,35,15,934
19-07-24,13:40:15,35,15,932
19-07-24,13:40:30,35,15,934
19-07-24,13:40:45,35,15,933
19-07-24,13:41:00,35,15,932
19-07-24,13:41:15,35,16,932
19-07-24,13:41:30,35,16,930
19-07-24,13:41:45,35,16,929
19-07-24,13:42:00,35,16,929
19-07-24,13:42:15,35,16,930
19-07-24,13:42:30,35,16,929
19-07-24,13:42:45,35,16,928
19-07-24,13:43:00,35,16,930
19-07-24,13:43:15,35,16,930
19-07-24,13:43:30,35,16,928
19-07-24,13:43:45,35,16,927
19-07-24,13:44:00,35,16,928
19-07-24,13:44:15,35,16,927
19-07-24,13:44:30,35,16,925
19-07-24,13:44:45,35,16,926
19-07-24,13:45:00,35,16,925
19-07-24,13:45:15,35,17,924
19-07-24,13:45:30,35,17,922
19-07-24,13:45:45,35,17,922
19-07-24,13:46:00,35,17,918
19-07-24,13:46:15,35,17,922
19-07-24,13:46:30,35,17,921
19-07-24,13:46:45,35,16,921
19-07-24,13:47:00,35,16,922
19-07-24,13:47:15,35,16,923
19-07-24,13:47:30,35,16,919
19-07-24,13:47:45,35,16,920
19-07-24,13:48:00,35,16,921
19-07-24,13:48:15,35,16,919
19-07-24,13:48:30,35,16,919
19-07-24,13:48:45,35,16,918
19-07-24,13:49:00,35,16,917
19-07-24,13:49:15,35,16,917
19-07-24,13:49:30,35,16,917
19-07-24,13:49:45,35,16,918
19-07-24,13:50:00,35,16,918
19-07-24,13:50:15,35,16,920
19-07-24,13:50:30,35,16,917
19-07-24,13:50:45,35,16,916
19-07-24,13:51:00,36,16,917
19-07-24,13:51:15,36,15,916
19-07-24,13:51:30,36,15,917
19-07-24,13:51:45,36,15,916
19-07-24,13:52:00,36,16,914
19-07-24,13:52:15,36,16,913
19-07-24,13:52:30,36,16,914
19-07-24,13:52:45,36,16,913
19-07-24,13:53:00,36,16,914
19-07-24,13:53:15,35,16,913
19-07-24,13:53:30,35,16,911
19-07-24,13:53:45,35,16,910
19-07-24,13:54:00,35,16,913
19-07-24,13:54:15,35,16,913
19-07-24,13:54:30,35,16,915
19-07-24,13:54:45,35,15,914
19-07-24,13:55:00,35,16,913
19-07-24,13:55:15,35,16,913
19-07-24,13:55:30,35,16,912
19-07-24,13:55:45,35,16,911
19-07-24,13:56:00,35,17,910
19-07-24,13:56:15,35,17,908
19-07-24,13:56:30,35,16,905
19-07-24,13:56:45,35,16,905
19-07-24,13:57:00,35,16,908
19-07-24,13:57:15,35,16,908
19-07-24,13:57:30,35,16,907
19-07-24,13:57:45,35,17,906
19-07-24,13:58:00,35,16,907
19-07-24,13:58:15,35,16,905
19-07-24,13:58:30,35,16,905
19-07-24,13:58:45,35,16,904
19-07-24,13:59:00,35,17,903
19-07-24,13:59:15,35,16,903
19-07-24,13:59:30,35,16,903
19-07-24,13:59:45,35,16,903
19-07-24,14:00:00,35,16,903
19-07-24,14:00:15,35,16,903
19-07-24,14:00:30,35,15,903
19-07-24,14:00:45,35,15,903
19-07-24,14:01:00,35,15,901
19-07-24,14:01:15,35,16,899
19-07-24,14:01:30,35,16,900
19-07-24,14:01:45,35,16,899
19-07-24,14:02:00,35,16,898
19-07-24,14:02:15,35,16,898
19-07-24,14:02:30,35,16,897
19-07-24,14:02:45,35,16,897
19-07-24,14:03:00,35,16,896
19-07-24,14:03:15,35,16,894
19-07-24,14:03:30,35,16,895
19-07-24,14:03:45,35,17,893
19-07-24,14:04:00,35,17,891
19-07-24,14:04:15,35,17,892
19-07-24,14:04:30,35,17,891
19-07-24,14:04:45,35,17,891
19-07-24,14:05:00,35,17,891
19-07-24,14:05:15,35,17,890
19-07-24,14:05:30,35,17,890
19-07-24,14:05:45,35,16,890
19-07-24,14:06:00,35,16,890
19-07-24,14:06:15,35,16,890
19-07-24,14:06:30,35,16,889
19-07-24,14:06:45,35,16,887
19-07-24,14:07:00,35,16,889
19-07-24,14:07:15,35,16,890
19-07-24,14:07:30,35,16,889
19-07-24,14:07:45,35,16,890
19-07-24,14:08:00,35,16,887
19-07-24,14:08:15,35,17,885
19-07-24,14:08:30,35,17,882
19-07-24,14:08:45,35,17,880
19-07-24,14:09:00,35,17,881
19-07-24,14:09:15,35,17,883
19-07-24,14:09:30,35,17,883
19-07-24,14:09:45,35,17,881
19-07-24,14:10:00,35,17,880
19-07-24,14:10:15,35,17,880
19-07-24,14:10:30,35,17,878
19-07-24,14:10:45,35,17,878
19-07-24,14:11:00,35,17,879
19-07-24,14:11:15,35,17,878
19-07-24,14:11:30,35,17,878
19-07-24,14:11:45,35,17,877
19-07-24,14:12:00,35,17,877
19-07-24,14:12:15,35,17,877
19-07-24,14:12:30,35,17,878
19-07-24,14:12:45,35,17,877
19-07-24,14:13:00,35,16,876
19-07-24,14:13:15,35,16,877
19-07-24,14:13:30,35,16,878
19-07-24,14:13:45,35,16,876
19-07-24,14:14:00,35,16,876
19-07-24,14:14:15,35,15,875
19-07-24,14:14:30,35,16,875
19-07-24,14:14:45,35,16,875
19-07-24,14:15:00,35,16,876
19-07-24,14:15:15,35,16,875
19-07-24,14:15:30,35,16,874
19-07-24,14:15:45,35,16,873
19-07-24,14:16:00,35,17,872
19-07-24,14:16:15,35,16,871
19-07-24,14:16:30,35,16,871
19-07-24,14:16:45,35,16,869
19-07-24,14:17:00,35,16,868
19-07-24,14:17:15,35,17,867
19-07-24,14:17:30,35,17,866
19-07-24,14:17:45,35,17,866
19-07-24,14:18:00,35,17,867
19-07-24,14:18:15,35,17,865
19-07-24,14:18:30,35,17,863
19-07-24,14:18:45,36,16,862
19-07-24,14:19:00,36,16,862
19-07-24,14:19:15,36,15,862
19-07-24,14:19:30,36,15,859
19-07-24,14:19:45,35,16,859
19-07-24,14:20:00,35,16,859
19-07-24,14:20:15,35,16,860
19-07-24,14:20:30,35,16,861
19-07-24,14:20:45,35,17,859
19-07-24,14:21:00,35,17,860
19-07-24,14:21:15,35,17,857
19-07-24,14:21:30,35,17,857
19-07-24,14:21:45,35,17,856
19-07-24,14:22:00,35,17,859
19-07-24,14:22:15,35,17,857
19-07-24,14:22:30,35,18,856
19-07-24,14:22:45,35,18,854
19-07-24,14:23:00,35,18,853
19-07-24,14:23:15,35,18,853
19-07-24,14:23:30,35,18,851
19-07-24,14:23:45,35,18,851
19-07-24,14:24:00,35,18,853
19-07-24,14:24:15,35,17,852
19-07-24,14:24:30,35,17,852
19-07-24,14:24:45,35,17,852
19-07-24,14:25:00,35,18,851
19-07-24,14:25:15,35,17,850
19-07-24,14:25:30,35,17,847
19-07-24,14:25:45,35,16,847
19-07-24,14:26:00,35,16,847
19-07-24,14:26:15,35,16,846
19-07-24,14:26:30,35,16,844
19-07-24,14:26:45,35,16,844
19-07-24,14:27:00,35,16,843
19-07-24,14:27:15,35,16,843
19-07-24,14:27:30,35,16,844
19-07-24,14:27:45,35,16,843
19-07-24,14:28:00,35,16,844
19-07-24,14:28:15,35,16,842
19-07-24,14:28:30,35,16,842
19-07-24,14:28:45,35,16,840
19-07-24,14:29:00,35,17,838
19-07-24,14:29:15,35,17,839
19-07-24,14:29:30,35,17,839
19-07-24,14:29:45,35,17,835
19-07-24,14:30:00,35,16,837
19-07-24,14:30:15,35,16,836
19-07-24,14:30:30,35,16,835
19-07-24,14:30:45,35,16,835
19-07-24,14:31:00,35,16,835
19-07-24,14:31:15,35,16,835
19-07-24,14:31:30,35,16,833
19-07-24,14:31:45,35,16,832
19-07-24,14:32:00,35,16,831
19-07-24,14:32:15,35,16,833
19-07-24,14:32:30,35,17,834
19-07-24,14:32:45,35,17,833
19-07-24,14:33:00,35,17,829
19-07-24,14:33:15,35,17,827
19-07-24,14:33:30,35,17,828
19-07-24,14:33:45,35,18,828
19-07-24,14:34:00,35,18,827
19-07-24,14:34:15,35,18,828
19-07-24,14:34:30,35,18,827
19-07-24,14:34:45,35,18,826
19-07-24,14:35:00,35,17,824
19-07-24,14:35:15,35,17,825
19-07-24,14:35:30,35,17,824
19-07-24,14:35:45,35,16,824
19-07-24,14:36:00,35,17,823
19-07-24,14:36:15,35,17,823
19-07-24,14:36:30,35,17,821
19-07-24,14:36:45,35,17,819
19-07-24,14:37:00,35,17,819
19-07-24,14:37:15,35,17,819
19-07-24,14:37:30,35,17,819
19-07-24,14:37:45,35,17,819
19-07-24,14:38:00,35,17,821
19-07-24,14:38:15,35,16,820
19-07-24,14:38:30,35,16,819
19-07-24,14:38:45,35,16,819
19-07-24,14:39:00,35,16,820
19-07-24,14:39:15,35,16,818
19-07-24,14:39:30,35,16,817
19-07-24,14:39:45,35,17,818
19-07-24,14:40:00,35,17,814
19-07-24,14:40:15,35,17,813
19-07-24,14:40:30,35,17,812
19-07-24,14:40:45,35,18,812
19-07-24,14:41:00,35,18,810
19-07-24,14:41:15,35,18,809
19-07-24,14:41:30,35,18,809
19-07-24,14:41:45,35,18,806
19-07-24,14:42:00,35,18,805
19-07-24,14:42:15,35,18,805
19-07-24,14:42:30,35,18,804
19-07-24,14:42:45,35,18,805
19-07-24,14:43:00,35,18,805
19-07-24,14:43:15,35,18,804
19-07-24,14:43:30,35,18,803
19-07-24,14:43:45,35,17,804
19-07-24,14:44:00,35,17,804
19-07-24,14:44:15,35,17,802
19-07-24,14:44:30,35,16,802
19-07-24,14:44:45,35,16,802
19-07-24,14:45:00,35,16,801
19-07-24,14:45:15,35,16,801
19-07-24,14:45:30,35,16,799
19-07-24,14:45:45,35,16,800
19-07-24,14:46:00,35,16,800
19-07-24,14:46:15,35,16,800
19-07-24,14:46:30,35,17,800
19-07-24,14:46:45,35,17,800
19-07-24,14:47:00,35,16,798
19-07-24,14:47:15,35,16,794
19-07-24,14:47:30,35,17,795
19-07-24,14:47:45,35,17,794
19-07-24,14:48:00,35,17,794
19-07-24,14:48:15,35,17,792
19-07-24,14:48:30,35,17,793
19-07-24,14:48:45,35,17,792
19-07-24,14:49:00,35,17,791
19-07-24,14:49:15,35,17,793
19-07-24,14:49:30,35,17,794
19-07-24,14:49:45,35,17,792
19-07-24,14:50:00,35,17,789
19-07-24,14:50:15,35,18,789
19-07-24,14:50:30,35,17,790
19-07-24,14:50:45,35,17,787
19-07-24,14:51:00,35,17,788
19-07-24,14:51:15,35,18,787
19-07-24,14:51:30,35,18,790
19-07-24,14:51:45,35,18,789
19-07-24,14:52:00,35,18,788
19-07-24,14:52:15,35,18,787
19-07-24,14:52:30,35,18,787
19-07-24,14:52:45,35,19,786
19-07-24,14:53:00,35,19,785
19-07-24,14:53:15,35,19,783
19-07-24,14:53:30,35,19,782
19-07-24,14:53:45,35,19,781
19-07-24,14:54:00,35,19,780
19-07-24,14:54:15,35,18,781
19-07-24,14:54:30,35,18,781
19-07-24,14:54:45,35,18,780
19-07-24,14:55:00,34,18,778
19-07-24,14:55:15,34,17,778
19-07-24,14:55:30,34,18,778
19-07-24,14:55:45,34,18,775
19-07-24,14:56:00,34,18,775
19-07-24,14:56:15,34,18,774
19-07-24,14:56:30,35,18,773
19-07-24,14:56:45,35,18,774
19-07-24,14:57:00,34,18,773
19-07-24,14:57:15,35,17,770
19-07-24,14:57:30,35,17,771
19-07-24,14:57:45,35,17,771
19-07-24,14:58:00,35,17,768
19-07-24,14:58:15,35,17,769
19-07-24,14:58:30,35,17,768
19-07-24,14:58:45,35,17,766
19-07-24,14:59:00,35,17,767
19-07-24,14:59:15,35,17,765
19-07-24,14:59:30,35,18,763
19-07-24,14:59:45,35,18,762
19-07-24,15:00:00,35,18,761
19-07-24,15:00:15,35,18,760
19-07-24,15:00:30,35,18,759
19-07-24,15:00:45,35,17,759
19-07-24,15:01:00,35,17,758
19-07-24,15:01:15,35,16,758
19-07-24,15:01:30,35,17,757
19-07-24,15:01:45,35,16,757
19-07-24,15:02:00,35,17,755
19-07-24,15:02:15,35,17,756
19-07-24,15:02:30,35,17,757
19-07-24,15:02:45,35,17,757
19-07-24,15:03:00,35,17,756
19-07-24,15:03:15,35,17,756
19-07-24,15:03:30,35,17,754
19-07-24,15:03:45,35,17,751
19-07-24,15:04:00,35,17,750
19-07-24,15:04:15,35,17,750
19-07-24,15:04:30,35,17,748
19-07-24,15:04:45,35,16,749
19-07-24,15:05:00,35,16,748
19-07-24,15:05:15,35,16,746
19-07-24,15:05:30,35,16,746
19-07-24,15:05:45,35,16,745
19-07-24,15:06:00,35,16,745
19-07-24,15:06:15,35,16,745
19-07-24,15:06:30,35,17,744
19-07-24,15:06:45,35,17,744
19-07-24,15:07:00,35,16,745
19-07-24,15:07:15,35,16,743
19-07-24,15:07:30,35,17,744
19-07-24,15:07:45,35,17,743
19-07-24,15:08:00,35,17,743
19-07-24,15:08:15,35,17,742
19-07-24,15:08:30,35,17,742
19-07-24,15:08:45,35,17,742
19-07-24,15:09:00,35,17,741
19-07-24,15:09:15,35,17,740
19-07-24,15:09:30,35,17,738
19-07-24,15:09:45,35,17,737
19-07-24,15:10:00,35,17,736
19-07-24,15:10:15,35,17,735
19-07-24,15:10:30,35,17,734
19-07-24,15:10:45,35,17,734
19-07-24,15:11:00,35,17,732
19-07-24,15:11:15,35,17,732
19-07-24,15:11:30,35,17,732
19-07-24,15:11:45,35,17,732
19-07-24,15:12:00,35,17,730
19-07-24,15:12:15,35,17,730
19-07-24,15:12:30,35,17,730
19-07-24,15:12:45,35,17,728
19-07-24,15:13:00,35,17,728
19-07-24,15:13:15,35,17,728
19-07-24,15:13:30,35,17,727
19-07-24,15:13:45,35,17,726
19-07-24,15:14:00,35,17,726
19-07-24,15:14:15,35,17,726
19-07-24,15:14:30,35,17,724
19-07-24,15:14:45,35,17,725
19-07-24,15:15:00,35,17,724
19-07-24,15:15:15,35,18,724
19-07-24,15:15:30,34,17,725
19-07-24,15:15:45,34,18,721
19-07-24,15:16:00,34,18,720
19-07-24,15:16:15,34,18,720
19-07-24,15:16:30,35,18,718
19-07-24,15:16:45,35,18,716
19-07-24,15:17:00,35,17,718
19-07-24,15:17:15,35,17,718
19-07-24,15:17:30,35,18,717
19-07-24,15:17:45,35,18,716
19-07-24,15:18:00,35,18,715
19-07-24,15:18:15,35,18,715
19-07-24,15:18:30,35,18,714
19-07-24,15:18:45,35,18,713
19-07-24,15:19:00,35,18,712
19-07-24,15:19:15,35,18,712
19-07-24,15:19:30,35,18,712
19-07-24,15:19:45,35,18,711
19-07-24,15:20:00,35,17,711
19-07-24,15:20:15,35,16,710
19-07-24,15:20:30,36,16,710
19-07-24,15:20:45,36,16,708
19-07-24,15:21:00,36,16,709
19-07-24,15:21:15,35,16,708
19-07-24,15:21:30,35,16,711
19-07-24,15:21:45,35,17,710
19-07-24,15:22:00,35,17,709
19-07-24,15:22:15,35,17,708
19-07-24,15:22:30,35,17,706
19-07-24,15:22:45,35,17,704
19-07-24,15:23:00,35,17,705
19-07-24,15:23:15,35,17,705
19-07-24,15:23:30,35,17,707
19-07-24,15:23:45,35,16,707
19-07-24,15:24:00,35,16,706
19-07-24,15:24:15,35,16,704
19-07-24,15:24:30,35,16,703
19-07-24,15:24:45,35,15,703
19-07-24,15:25:00,35,16,702
19-07-24,15:25:15,35,16,700
19-07-24,15:25:30,35,16,700
19-07-24,15:25:45,35,16,699
19-07-24,15:26:00,35,16,698
19-07-24,15:26:15,35,16,697
19-07-24,15:26:30,35,16,696
19-07-24,15:26:45,35,16,698
19-07-24,15:27:00,35,16,696
19-07-24,15:27:15,35,16,695
19-07-24,15:27:30,35,16,693
19-07-24,15:27:45,35,16,693
19-07-24,15:28:00,35,16,690
19-07-24,15:28:15,35,16,690
19-07-24,15:28:30,35,16,690
19-07-24,15:28:45,35,16,688
19-07-24,15:29:00,35,16,688
19-07-24,15:29:15,35,16,687
19-07-24,15:29:30,35,16,686
19-07-24,15:29:45,35,17,684
19-07-24,15:30:00,35,17,684
19-07-24,15:30:15,35,16,686
19-07-24,15:30:30,35,16,687
19-07-24,15:30:45,35,16,684
19-07-24,15:31:00,35,16,682
19-07-24,15:31:15,35,16,680
19-07-24,15:31:30,35,16,680
19-07-24,15:31:45,35,16,679
19-07-24,15:32:00,35,16,678
19-07-24,15:32:15,35,16,677
19-07-24,15:32:30,35,17,677
19-07-24,15:32:45,35,16,678
19-07-24,15:33:00,35,16,677
19-07-24,15:33:15,35,16,678
19-07-24,15:33:30,35,16,677
19-07-24,15:33:45,35,16,675
19-07-24,15:34:00,35,16,676
19-07-24,15:34:15,35,16,676
19-07-24,15:34:30,35,17,674
19-07-24,15:34:45,35,17,673
19-07-24,15:35:00,35,17,672
19-07-24,15:35:15,35,16,670
19-07-24,15:35:30,35,17,670
19-07-24,15:35:45,35,17,668
19-07-24,15:36:00,35,17,667
19-07-24,15:36:15,35,17,666
19-07-24,15:36:30,35,17,667
19-07-24,15:36:45,35,16,666
19-07-24,15:37:00,35,16,665
19-07-24,15:37:15,35,16,664
19-07-24,15:37:30,35,16,663
19-07-24,15:37:45,35,15,662
19-07-24,15:38:00,35,16,660
19-07-24,15:38:15,35,16,658
19-07-24,15:38:30,35,16,658
19-07-24,15:38:45,35,16,658
19-07-24,15:39:00,35,16,658
19-07-24,15:39:15,35,16,657
19-07-24,15:39:30,35,17,659
19-07-24,15:39:45,35,16,659
19-07-24,15:40:00,35,17,657
19-07-24,15:40:15,35,17,657
19-07-24,15:40:30,35,17,656
19-07-24,15:40:45,35,17,654
19-07-24,15:41:00,35,17,653
19-07-24,15:41:15,35,17,653
19-07-24,15:41:30,35,17,652
19-07-24,15:41:45,34,17,652
19-07-24,15:42:00,34,17,651
19-07-24,15:42:15,34,17,649
19-07-24,15:42:30,34,18,649
19-07-24,15:42:45,34,18,649
19-07-24,15:43:00,34,17,649
19-07-24,15:43:15,34,17,647
19-07-24,15:43:30,34,17,646
19-07-24,15:43:45,34,17,647
19-07-24,15:44:00,34,17,645
19-07-24,15:44:15,35,17,645
19-07-24,15:44:30,35,17,645
19-07-24,15:44:45,35,18,644
19-07-24,15:45:00,35,18,643
19-07-24,15:45:15,35,18,643
19-07-24,15:45:30,35,18,642
19-07-24,15:45:45,35,17,642
19-07-24,15:46:00,35,17,641
19-07-24,15:46:15,35,17,639
19-07-24,15:46:30,35,17,640
19-07-24,15:46:45,35,17,641
19-07-24,15:47:00,35,17,638
19-07-24,15:47:15,35,17,636
19-07-24,15:47:30,35,17,635
19-07-24,15:47:45,35,17,634
19-07-24,15:48:00,35,17,633
19-07-24,15:48:15,35,17,635
19-07-24,15:48:30,35,17,634
19-07-24,15:48:45,35,17,633
19-07-24,15:49:00,34,17,633
19-07-24,15:49:15,34,17,633
19-07-24,15:49:30,34,17,631
19-07-24,15:49:45,34,17,630
19-07-24,15:50:00,35,17,630
19-07-24,15:50:15,35,17,630
19-07-24,15:50:30,35,17,628
19-07-24,15:50:45,35,17,626
19-07-24,15:51:00,35,17,625
19-07-24,15:51:15,35,17,625
19-07-24,15:51:30,35,16,626
19-07-24,15:51:45,35,16,623
19-07-24,15:52:00,35,16,622
19-07-24,15:52:15,35,16,622
19-07-24,15:52:30,35,16,621
19-07-24,15:52:45,35,16,621
19-07-24,15:53:00,35,16,621
19-07-24,15:53:15,35,16,619
19-07-24,15:53:30,35,16,618
19-07-24,15:53:45,35,16,619
19-07-24,15:54:00,35,16,618
19-07-24,15:54:15,35,17,618
19-07-24,15:54:30,35,17,616
19-07-24,15:54:45,35,17,616
19-07-24,15:55:00,35,17,615
19-07-24,15:55:15,35,17,615
19-07-24,15:55:30,35,17,614
19-07-24,15:55:45,35,17,613
19-07-24,15:56:00,35,17,613
19-07-24,15:56:15,35,17,611
19-07-24,15:56:30,35,17,611
19-07-24,15:56:45,35,17,610
19-07-24,15:57:00,35,17,610
19-07-24,15:57:15,35,17,609
19-07-24,15:57:30,35,17,607
19-07-24,15:57:45,35,17,608
19-07-24,15:58:00,35,16,606
19-07-24,15:58:15,35,16,605
19-07-24,15:58:30,35,17,605
19-07-24,15:58:45,35,17,603
19-07-24,15:59:00,35,17,603
19-07-24,15:59:15,35,17,603
19-07-24,15:59:30,35,17,602
19-07-24,15:59:45,34,18,600
19-07-24,16:00:00,34,18,599
19-07-24,16:00:15,34,18,596
19-07-24,16:00:30,34,18,596
19-07-24,16:00:45,34,18,595
19-07-24,16:01:00,34,18,594
19-07-24,16:01:15,34,18,594
19-07-24,16:01:30,34,18,592
19-07-24,16:01:45,34,18,589
19-07-24,16:02:00,34,18,590
19-07-24,16:02:15,34,18,588
19-07-24,16:02:30,34,18,588
19-07-24,16:02:45,34,18,586
19-07-24,16:03:00,34,18,586
19-07-24,16:03:15,34,18,585
19-07-24,16:03:30,35,17,584
19-07-24,16:03:45,35,17,584
19-07-24,16:04:00,35,17,583
19-07-24,16:04:15,35,17,582
19-07-24,16:04:30,35,17,582
19-07-24,16:04:45,35,17,581
19-07-24,16:05:00,35,17,579
19-07-24,16:05:15,35,17,580
19-07-24,16:05:30,35,17,580
19-07-24,16:05:45,35,17,579
19-07-24,16:06:00,35,17,579
19-07-24,16:06:15,35,17,576
19-07-24,16:06:30,35,17,579
19-07-24,16:06:45,35,17,576
19-07-24,16:07:00,35,17,578
19-07-24,16:07:15,35,17,578
19-07-24,16:07:30,35,17,575
19-07-24,16:07:45,35,17,573
19-07-24,16:08:00,35,17,571
19-07-24,16:08:15,34,17,568
19-07-24,16:08:30,34,17,566
19-07-24,16:08:45,35,17,566
19-07-24,16:09:00,35,17,567
19-07-24,16:09:15,35,17,567
19-07-24,16:09:30,35,17,565
19-07-24,16:09:45,35,17,564
19-07-24,16:10:00,35,17,563
19-07-24,16:10:15,35,17,563
19-07-24,16:10:30,34,17,562
19-07-24,16:10:45,34,17,562
19-07-24,16:11:00,34,17,562
19-07-24,16:11:15,34,17,560
19-07-24,16:11:30,34,17,561
19-07-24,16:11:45,34,17,560
19-07-24,16:12:00,34,17,560
19-07-24,16:12:15,34,17,559
19-07-24,16:12:30,34,17,558
19-07-24,16:12:45,34,17,557
19-07-24,16:13:00,34,17,555
19-07-24,16:13:15,34,17,555
19-07-24,16:13:30,34,17,554
19-07-24,16:13:45,34,17,553
19-07-24,16:14:00,34,17,551
19-07-24,16:14:15,34,17,550
19-07-24,16:14:30,34,17,549
19-07-24,16:14:45,34,17,548
19-07-24,16:15:00,34,17,548
19-07-24,16:15:15,34,17,547
19-07-24,16:15:30,34,17,547
19-07-24,16:15:45,34,17,547
19-07-24,16:16:00,34,17,545
19-07-24,16:16:15,35,17,545
19-07-24,16:16:30,35,17,545
19-07-24,16:16:45,35,17,544
19-07-24,16:17:00,35,17,542
19-07-24,16:17:15,34,17,542
19-07-24,16:17:30,34,17,541
19-07-24,16:17:45,34,17,540
19-07-24,16:18:00,34,17,541
19-07-24,16:18:15,34,17,540
19-07-24,16:18:30,34,17,539
19-07-24,16:18:45,34,17,539
19-07-24,16:19:00,34,17,538
19-07-24,16:19:15,34,17,538
19-07-24,16:19:30,34,17,537
19-07-24,16:19:45,35,17,535
19-07-24,16:20:00,35,17,534
19-07-24,16:20:15,35,17,533
19-07-24,16:20:30,34,17,533
19-07-24,16:20:45,34,17,532
19-07-24,16:21:00,34,17,532
19-07-24,16:21:15,34,17,532
19-07-24,16:21:30,34,17,532
19-07-24,16:21:45,34,17,531
19-07-24,16:22:00,35,17,530
19-07-24,16:22:15,35,17,530
19-07-24,16:22:30,35,17,530
19-07-24,16:22:45,35,17,529
19-07-24,16:23:00,35,17,528
19-07-24,16:23:15,35,17,529
19-07-24,16:23:30,34,17,525
19-07-24,16:23:45,34,17,526
19-07-24,16:24:00,34,17,524
19-07-24,16:24:15,34,17,524
19-07-24,16:24:30,34,17,525
19-07-24,16:24:45,34,17,522
19-07-24,16:25:00,34,17,522
19-07-24,16:25:15,34,17,521
19-07-24,16:25:30,34,17,519
19-07-24,16:25:45,34,17,518
19-07-24,16:26:00,34,17,516
19-07-24,16:26:15,34,17,515
19-07-24,16:26:30,34,17,513
19-07-24,16:26:45,34,17,512
19-07-24,16:27:00,34,17,511
19-07-24,16:27:15,34,17,510
19-07-24,16:27:30,34,17,511
19-07-24,16:27:45,34,17,511
19-07-24,16:28:00,34,17,509
19-07-24,16:28:15,34,17,508
19-07-24,16:28:30,34,17,507
19-07-24,16:28:45,34,17,504
19-07-24,16:29:00,34,17,504
19-07-24,16:29:15,34,17,504
19-07-24,16:29:30,34,18,504
19-07-24,16:29:45,34,18,504
19-07-24,16:30:00,34,18,504
19-07-24,16:30:15,34,17,503
19-07-24,16:30:30,34,18,502
19-07-24,16:30:45,34,18,499
19-07-24,16:31:00,34,17,500
19-07-24,16:31:15,34,17,499
19-07-24,16:31:30,34,16,499
19-07-24,16:31:45,34,16,498
19-07-24,16:32:00,34,16,498
19-07-24,16:32:15,34,16,496
19-07-24,16:32:30,34,16,495
19-07-24,16:32:45,34,17,494
19-07-24,16:33:00,34,17,491
19-07-24,16:33:15,34,18,491
19-07-24,16:33:30,34,18,491
19-07-24,16:33:45,34,18,491
19-07-24,16:34:00,34,17,492
19-07-24,16:34:15,34,17,489
19-07-24,16:34:30,34,17,488
19-07-24,16:34:45,34,18,486
19-07-24,16:35:00,34,17,487
19-07-24,16:35:15,34,18,485
19-07-24,16:35:30,34,18,485
19-07-24,16:35:45,34,17,484
19-07-24,16:36:00,34,18,483
19-07-24,16:36:15,34,17,482
19-07-24,16:36:30,34,17,482
19-07-24,16:36:45,34,17,480
19-07-24,16:37:00,34,16,480
19-07-24,16:37:15,34,16,480
19-07-24,16:37:30,34,16,479
19-07-24,16:37:45,34,17,480
19-07-24,16:38:00,34,17,480
19-07-24,16:38:15,34,17,478
19-07-24,16:38:30,34,17,478
19-07-24,16:38:45,34,16,477
19-07-24,16:39:00,34,16,475
19-07-24,16:39:15,34,17,474
19-07-24,16:39:30,34,17,472
19-07-24,16:39:45,34,17,472
19-07-24,16:40:00,34,17,470
19-07-24,16:40:15,34,17,470
19-07-24,16:40:30,34,18,468
19-07-24,16:40:45,34,18,467
19-07-24,16:41:00,34,18,464
19-07-24,16:41:15,34,18,463
19-07-24,16:41:30,34,18,463
19-07-24,16:41:45,34,18,462
19-07-24,16:42:00,34,18,462
19-07-24,16:42:15,34,18,461
19-07-24,16:42:30,34,18,459
19-07-24,16:42:45,34,19,458
19-07-24,16:43:00,34,19,458
19-07-24,16:43:15,34,19,456
19-07-24,16:43:30,34,20,457
19-07-24,16:43:45,34,20,456
19-07-24,16:44:00,34,20,455
19-07-24,16:44:15,34,20,455
19-07-24,16:44:30,34,19,453
19-07-24,16:44:45,34,19,453
19-07-24,16:45:00,34,19,451
19-07-24,16:45:15,34,19,451
19-07-24,16:45:30,34,18,451
19-07-24,16:45:45,34,18,450
19-07-24,16:46:00,34,18,448
19-07-24,16:46:15,34,18,448
19-07-24,16:46:30,34,18,447
19-07-24,16:46:45,34,19,448
19-07-24,16:47:00,34,19,445
19-07-24,16:47:15,34,19,445
19-07-24,16:47:30,34,19,443
19-07-24,16:47:45,34,19,443
19-07-24,16:48:00,34,19,442
19-07-24,16:48:15,34,19,441
19-07-24,16:48:30,34,19,439
19-07-24,16:48:45,34,18,438
19-07-24,16:49:00,34,18,436
19-07-24,16:49:15,34,19,436
19-07-24,16:49:30,34,19,434
19-07-24,16:49:45,34,18,434
19-07-24,16:50:00,34,18,434
19-07-24,16:50:15,34,18,434
19-07-24,16:50:30,34,18,433
19-07-24,16:50:45,34,18,433
19-07-24,16:51:00,34,18,431
19-07-24,16:51:15,34,18,430
19-07-24,16:51:30,34,19,431
19-07-24,16:51:45,34,19,431
19-07-24,16:52:00,34,19,430
19-07-24,16:52:15,34,20,429
19-07-24,16:52:30,34,20,428
19-07-24,16:52:45,34,19,428
19-07-24,16:53:00,34,20,428
19-07-24,16:53:15,34,20,425
19-07-24,16:53:30,34,20,424
19-07-24,16:53:45,34,20,424
19-07-24,16:54:00,34,20,421
19-07-24,16:54:15,34,20,421
19-07-24,16:54:30,34,20,418
19-07-24,16:54:45,34,20,417
19-07-24,16:55:00,34,20,418
19-07-24,16:55:15,34,20,418
19-07-24,16:55:30,34,20,417
19-07-24,16:55:45,34,20,415
19-07-24,16:56:00,34,20,415
19-07-24,16:56:15,34,20,414
19-07-24,16:56:30,34,20,413
19-07-24,16:56:45,34,20,412
19-07-24,16:57:00,33,20,410
19-07-24,16:57:15,33,20,409
19-07-24,16:57:30,34,20,408
19-07-24,16:57:45,34,20,407
19-07-24,16:58:00,34,20,405
19-07-24,16:58:15,34,20,404
19-07-24,16:58:30,34,20,404
19-07-24,16:58:45,34,20,403
19-07-24,16:59:00,34,20,402
19-07-24,16:59:15,34,20,402
19-07-24,16:59:30,34,20,402
19-07-24,16:59:45,34,20,403
19-07-24,17:00:00,34,20,402
19-07-24,17:00:15,34,20,401
19-07-24,17:00:30,34,20,401
19-07-24,17:00:45,34,20,400
19-07-24,17:01:00,34,20,399
19-07-24,17:01:15,34,20,398
19-07-24,17:01:30,34,20,396
19-07-24,17:01:45,34,20,395
19-07-24,17:02:00,34,20,392
19-07-24,17:02:15,34,20,391
19-07-24,17:02:30,34,20,390
19-07-24,17:02:45,34,20,391
19-07-24,17:03:00,34,19,390
19-07-24,17:03:15,34,20,390
19-07-24,17:03:30,34,20,388
19-07-24,17:03:45,34,20,388
19-07-24,17:04:00,34,20,387
19-07-24,17:04:15,34,19,386
19-07-24,17:04:30,33,19,386
19-07-24,17:04:45,33,19,385
19-07-24,17:05:00,33,19,383
19-07-24,17:05:15,33,19,382
19-07-24,17:05:30,33,19,380
19-07-24,17:05:45,33,19,380
19-07-24,17:06:00,33,19,379
19-07-24,17:06:15,33,19,377
19-07-24,17:06:30,34,20,377
19-07-24,17:06:45,34,20,377
19-07-24,17:07:00,34,19,375
19-07-24,17:07:15,34,20,373
19-07-24,17:07:30,34,20,372
19-07-24,17:07:45,34,19,371
19-07-24,17:08:00,34,19,370
19-07-24,17:08:15,34,19,370
19-07-24,17:08:30,34,19,367
19-07-24,17:08:45,34,19,366
19-07-24,17:09:00,34,19,365
19-07-24,17:09:15,34,19,365
19-07-24,17:09:30,34,19,365
19-07-24,17:09:45,34,19,363
19-07-24,17:10:00,34,20,362
19-07-24,17:10:15,34,20,360
19-07-24,17:10:30,34,20,360
19-07-24,17:10:45,34,20,359
19-07-24,17:11:00,33,20,359
19-07-24,17:11:15,33,20,358
19-07-24,17:11:30,33,20,358
19-07-24,17:11:45,33,20,357
19-07-24,17:12:00,33,20,356
19-07-24,17:12:15,34,20,355
19-07-24,17:12:30,34,20,354
19-07-24,17:12:45,33,20,354
19-07-24,17:13:00,33,20,353
19-07-24,17:13:15,33,20,351
19-07-24,17:13:30,33,19,351
19-07-24,17:13:45,33,19,350
19-07-24,17:14:00,33,18,350
19-07-24,17:14:15,33,18,349
19-07-24,17:14:30,33,18,349
19-07-24,17:14:45,33,18,349
19-07-24,17:15:00,33,18,348
19-07-24,17:15:15,33,18,348
19-07-24,17:15:30,33,18,347
19-07-24,17:15:45,33,18,345
19-07-24,17:16:00,33,18,345
19-07-24,17:16:15,33,19,345
19-07-24,17:16:30,33,19,344
19-07-24,17:16:45,33,19,342
19-07-24,17:17:00,33,19,341
19-07-24,17:17:15,33,19,339
19-07-24,17:17:30,33,19,338
19-07-24,17:17:45,33,19,338
19-07-24,17:18:00,33,19,336
19-07-24,17:18:15,33,19,335
19-07-24,17:18:30,33,19,334
19-07-24,17:18:45,33,19,333
19-07-24,17:19:00,33,19,332
19-07-24,17:19:15,33,19,332
19-07-24,17:19:30,33,19,330
19-07-24,17:19:45,33,19,330
19-07-24,17:20:00,33,19,328
19-07-24,17:20:15,33,19,327
19-07-24,17:20:30,33,19,327
19-07-24,17:20:45,33,20,326
19-07-24,17:21:00,33,20,325
19-07-24,17:21:15,33,19,325
19-07-24,17:21:30,33,19,323
19-07-24,17:21:45,33,19,323
19-07-24,17:22:00,33,19,323
19-07-24,17:22:15,33,19,322
19-07-24,17:22:30,33,19,322
19-07-24,17:22:45,33,19,321
19-07-24,17:23:00,33,19,320
19-07-24,17:23:15,33,19,320
19-07-24,17:23:30,33,19,319
19-07-24,17:23:45,33,19,319
19-07-24,17:24:00,33,19,318
19-07-24,17:24:15,33,19,317
19-07-24,17:24:30,33,19,317
19-07-24,17:24:45,33,19,317
19-07-24,17:25:00,33,19,316
19-07-24,17:25:15,33,19,315
19-07-24,17:25:30,33,19,312
19-07-24,17:25:45,33,19,312
19-07-24,17:26:00,33,19,311
19-07-24,17:26:15,33,19,310
19-07-24,17:26:30,33,19,308
19-07-24,17:26:45,33,19,307
19-07-24,17:27:00,33,19,306
19-07-24,17:27:15,33,19,305
19-07-24,17:27:30,33,19,305
19-07-24,17:27:45,33,19,303
19-07-24,17:28:00,33,19,302
19-07-24,17:28:15,33,19,302
19-07-24,17:28:30,33,19,301
19-07-24,17:28:45,33,19,300
19-07-24,17:29:00,33,19,298
19-07-24,17:29:15,33,19,297
19-07-24,17:29:30,33,19,296
19-07-24,17:29:45,33,19,296
19-07-24,17:30:00,33,19,295
19-07-24,17:30:15,33,19,294
19-07-24,17:30:30,33,19,293
19-07-24,17:30:45,33,20,292
19-07-24,17:31:00,33,20,291
19-07-24,17:31:15,33,20,289
19-07-24,17:31:30,33,20,288
19-07-24,17:31:45,33,20,288
19-07-24,17:32:00,33,20,286
19-07-24,17:32:15,33,20,284
19-07-24,17:32:30,33,20,283
19-07-24,17:32:45,33,21,282
19-07-24,17:33:00,33,21,282
19-07-24,17:33:15,33,21,282
19-07-24,17:33:30,33,21,281
19-07-24,17:33:45,33,21,280
19-07-24,17:34:00,33,21,278
19-07-24,17:34:15,33,21,279
19-07-24,17:34:30,33,21,278
19-07-24,17:34:45,33,21,277
19-07-24,17:35:00,33,21,276
19-07-24,17:35:15,33,21,275
19-07-24,17:35:30,33,21,275
19-07-24,17:35:45,33,21,275
19-07-24,17:36:00,33,20,273
19-07-24,17:36:15,33,20,273
19-07-24,17:36:30,33,20,273
19-07-24,17:36:45,33,20,272
19-07-24,17:37:00,33,20,270
19-07-24,17:37:15,33,20,269
19-07-24,17:37:30,33,20,269
19-07-24,17:37:45,33,20,267
19-07-24,17:38:00,33,20,267
19-07-24,17:38:15,33,20,267
19-07-24,17:38:30,33,20,265
19-07-24,17:38:45,33,20,264
19-07-24,17:39:00,33,20,263
19-07-24,17:39:15,33,20,261
19-07-24,17:39:30,33,20,260
19-07-24,17:39:45,33,20,260
19-07-24,17:40:00,33,20,260
19-07-24,17:40:15,33,20,258
19-07-24,17:40:30,32,20,258
19-07-24,17:40:45,33,20,257
19-07-24,17:41:00,32,20,258
19-07-24,17:41:15,32,21,257
19-07-24,17:41:30,32,21,257
19-07-24,17:41:45,32,21,257
19-07-24,17:42:00,32,21,256
19-07-24,17:42:15,32,21,255
19-07-24,17:42:30,32,21,253
19-07-24,17:42:45,33,21,251
19-07-24,17:43:00,33,21,250
19-07-24,17:43:15,33,21,249
19-07-24,17:43:30,33,21,248
19-07-24,17:43:45,33,21,247
19-07-24,17:44:00,33,21,246
19-07-24,17:44:15,33,21,244
19-07-24,17:44:30,33,21,244
19-07-24,17:44:45,33,21,242
19-07-24,17:45:00,33,21,242
19-07-24,17:45:15,33,21,241
19-07-24,17:45:30,32,21,240
19-07-24,17:45:45,32,21,240
19-07-24,17:46:00,32,21,239
19-07-24,17:46:15,32,21,238
19-07-24,17:46:45,32,21,236
19-07-24,17:47:00,32,21,235
19-07-24,17:47:15,32,20,234
19-07-24,17:47:30,32,20,233
19-07-24,17:47:45,32,20,231
19-07-24,17:48:00,32,20,230
19-07-24,17:48:15,32,20,230
19-07-24,17:48:30,32,20,229
19-07-24,17:48:45,32,20,228
19-07-24,17:49:00,32,20,226
19-07-24,17:49:15,32,20,225
19-07-24,17:49:30,32,20,224
19-07-24,17:49:45,32,20,224
19-07-24,17:50:00,32,20,223
19-07-24,17:50:15,32,21,222
19-07-24,17:50:30,32,21,222
19-07-24,17:50:45,32,21,221
19-07-24,17:51:00,32,22,221
19-07-24,17:51:15,32,22,220
19-07-24,17:51:30,32,22,219
19-07-24,17:51:45,32,22,218
19-07-24,17:52:00,32,22,217
19-07-24,17:52:15,32,22,216
19-07-24,17:52:30,32,22,214
19-07-24,17:52:45,32,22,214
19-07-24,17:53:00,32,22,213
19-07-24,17:53:15,32,22,212
19-07-24,17:53:30,32,22,212
19-07-24,17:53:45,32,22,211
19-07-24,17:54:00,32,22,210
19-07-24,17:54:15,32,22,210
19-07-24,17:54:30,32,22,209
19-07-24,17:54:45,32,22,209
19-07-24,17:55:00,32,22,208
19-07-24,17:55:15,32,22,208
19-07-24,17:55:30,32,22,207
19-07-24,17:55:45,32,22,206
19-07-24,17:56:00,32,22,205
19-07-24,17:56:15,32,22,204
19-07-24,17:56:30,32,22,203
19-07-24,17:56:45,32,22,202
19-07-24,17:57:00,32,22,201
19-07-24,17:57:15,32,22,200
19-07-24,17:57:30,32,22,199
19-07-24,17:57:45,32,22,199
19-07-24,17:58:00,32,22,197
19-07-24,17:58:15,32,22,197
19-07-24,17:58:30,32,22,196
19-07-24,17:58:45,32,22,195
19-07-24,17:59:00,32,22,194
19-07-24,17:59:15,32,22,193
19-07-24,17:59:30,32,22,193
19-07-24,17:59:45,32,22,192
19-07-24,18:00:00,32,23,191
19-07-24,18:00:15,32,23,190
19-07-24,18:00:30,32,23,189
19-07-24,18:00:45,32,23,189
19-07-24,18:01:00,32,23,188
19-07-24,18:01:15,32,23,187
19-07-24,18:01:30,32,23,186
19-07-24,18:01:45,32,23,185
19-07-24,18:02:00,32,23,184
19-07-24,18:02:15,32,23,183
19-07-24,18:02:30,32,23,182
19-07-24,18:02:45,32,23,181
19-07-24,18:03:00,32,23,180
19-07-24,18:03:15,32,22,180
19-07-24,18:03:30,32,22,179
19-07-24,18:03:45,32,22,178
19-07-24,18:04:00,32,22,177
19-07-24,18:04:15,32,22,176
19-07-24,18:04:30,32,22,176
19-07-24,18:04:45,32,22,175
19-07-24,18:05:00,32,22,174
19-07-24,18:05:15,32,22,174
19-07-24,18:05:30,32,22,173
19-07-24,18:05:45,32,22,171
19-07-24,18:06:00,32,22,170
19-07-24,18:06:15,32,22,169
19-07-24,18:06:30,32,22,169
19-07-24,18:06:45,32,22,168
19-07-24,18:07:00,32,22,167
19-07-24,18:07:15,32,22,166
19-07-24,18:07:30,32,22,165
19-07-24,18:07:45,32,22,165
19-07-24,18:08:00,32,22,164
19-07-24,18:08:15,32,22,163
19-07-24,18:08:30,32,23,163
19-07-24,18:08:45,32,23,162
19-07-24,18:09:00,32,23,161
19-07-24,18:09:15,32,23,160
19-07-24,18:09:30,32,23,160
19-07-24,18:09:45,32,23,159
19-07-24,18:10:00,32,22,158
19-07-24,18:10:15,32,22,157
19-07-24,18:10:30,32,22,156
19-07-24,18:10:45,32,22,155
19-07-24,18:11:00,32,22,154
19-07-24,18:11:15,32,22,153
19-07-24,18:11:30,32,22,152
19-07-24,18:11:45,32,22,152
19-07-24,18:12:00,32,22,151
19-07-24,18:12:15,32,22,150
19-07-24,18:12:30,32,22,149
19-07-24,18:12:45,32,22,149
19-07-24,18:13:00,32,23,148
19-07-24,18:13:15,32,23,147
19-07-24,18:13:30,32,23,146
19-07-24,18:13:45,32,23,145
19-07-24,18:14:00,32,23,145
19-07-24,18:14:15,32,23,144
19-07-24,18:14:30,32,23,143
19-07-24,18:14:45,32,22,142
19-07-24,18:15:00,32,22,142
19-07-24,18:15:15,32,22,141
19-07-24,18:15:30,32,22,140
19-07-24,18:15:45,32,22,139
19-07-24,18:16:00,32,22,138
19-07-24,18:16:15,32,22,138
19-07-24,18:16:30,32,22,137
19-07-24,18:16:45,32,22,136
19-07-24,18:17:00,32,22,135
19-07-24,18:17:15,32,22,135
19-07-24,18:17:30,32,22,134
19-07-24,18:17:45,32,22,133
19-07-24,18:18:00,32,21,133
19-07-24,18:18:15,32,22,132
19-07-24,18:18:30,32,22,131
19-07-24,18:18:45,32,22,130
19-07-24,18:19:00,32,22,129
19-07-24,18:19:15,32,22,128
19-07-24,18:19:30,32,22,127
19-07-24,18:19:45,32,22,127
19-07-24,18:20:00,32,22,126
19-07-24,18:20:15,32,22,125
19-07-24,18:20:30,32,22,124
19-07-24,18:20:45,32,22,123
19-07-24,18:21:00,32,22,123
19-07-24,18:21:15,32,22,121
19-07-24,18:21:30,32,22,121
19-07-24,18:21:45,31,22,120
19-07-24,18:22:00,31,22,119
19-07-24,18:22:15,31,22,118
19-07-24,18:22:30,31,22,118
19-07-24,18:22:45,31,22,117
19-07-24,18:23:00,31,22,116
19-07-24,18:23:15,31,22,115
19-07-24,18:23:30,31,22,114
19-07-24,18:23:45,31,22,113
19-07-24,18:24:00,31,22,112
19-07-24,18:24:15,31,22,112
19-07-24,18:24:30,31,22,111
19-07-24,18:24:45,31,22,111
19-07-24,18:25:00,31,22,110
19-07-24,18:25:15,31,22,109
19-07-24,18:25:30,31,22,109
19-07-24,18:25:45,31,22,108
19-07-24,18:26:00,31,22,107
19-07-24,18:26:15,31,22,106
19-07-24,18:26:30,31,22,106
19-07-24,18:26:45,31,22,105
19-07-24,18:27:00,31,22,104
19-07-24,18:27:15,31,23,104
19-07-24,18:27:30,31,23,102
19-07-24,18:27:45,31,23,102
19-07-24,18:28:00,31,23,101
19-07-24,18:28:15,31,23,100
19-07-24,18:28:30,31,23,100
19-07-24,18:28:45,31,23,99
19-07-24,18:29:00,31,23,98
19-07-24,18:29:15,31,23,97
19-07-24,18:29:30,31,23,97
19-07-24,18:29:45,31,23,96
19-07-24,18:30:00,31,23,95
19-07-24,18:30:15,31,23,94
19-07-24,18:30:30,31,23,94
19-07-24,18:30:45,31,23,93
19-07-24,18:31:00,31,23,92
19-07-24,18:31:15,31,23,92
19-07-24,18:31:30,31,24,91
19-07-24,18:31:45,31,24,90
19-07-24,18:32:00,31,24,90
19-07-24,18:32:15,31,24,89
19-07-24,18:32:30,31,24,88
19-07-24,18:32:45,31,24,87
19-07-24,18:33:00,31,24,87
19-07-24,18:33:15,31,24,86
19-07-24,18:33:30,31,24,85
19-07-24,18:33:45,31,24,84
19-07-24,18:34:00,31,24,83
19-07-24,18:34:15,31,24,83
19-07-24,18:34:30,31,24,82
19-07-24,18:34:45,31,25,82
19-07-24,18:35:00,31,25,81
19-07-24,18:35:15,31,25,80
19-07-24,18:35:30,31,25,80
19-07-24,18:35:45,31,25,79
19-07-24,18:36:00,31,25,78
19-07-24,18:36:15,31,25,78
19-07-24,18:36:30,31,25,77
19-07-24,18:36:45,31,25,76
19-07-24,18:37:00,31,25,76
19-07-24,18:37:15,31,25,75
19-07-24,18:37:30,31,26,74
19-07-24,18:37:45,31,26,74
19-07-24,18:38:00,31,26,73
19-07-24,18:38:15,31,26,73
19-07-24,18:38:30,31,26,72
19-07-24,18:38:45,31,26,71
19-07-24,18:39:00,31,26,70
19-07-24,18:39:15,31,26,70
19-07-24,18:39:30,31,26,69
19-07-24,18:39:45,31,26,69
19-07-24,18:40:00,31,26,68
19-07-24,18:40:15,31,26,68
19-07-24,18:40:30,31,26,67
19-07-24,18:40:45,31,26,66
19-07-24,18:41:00,31,26,65
19-07-24,18:41:15,31,26,65
19-07-24,18:41:30,31,26,64
19-07-24,18:41:45,31,26,64
19-07-24,18:42:00,31,26,63
19-07-24,18:42:15,31,26,63
19-07-24,18:42:30,31,26,62
19-07-24,18:42:45,31,26,62
19-07-24,18:43:00,31,26,61
19-07-24,18:43:15,31,27,61
19-07-24,18:43:30,31,27,60
19-07-24,18:43:45,30,27,59
19-07-24,18:44:00,30,27,59
19-07-24,18:44:15,31,27,58
19-07-24,18:44:30,30,27,58
19-07-24,18:44:45,31,27,57
19-07-24,18:45:00,31,27,57
19-07-24,18:45:15,31,27,56
19-07-24,18:45:30,31,27,56
19-07-24,18:45:45,30,27,56
19-07-24,18:46:00,30,27,55
19-07-24,18:46:15,30,28,54
19-07-24,18:46:30,30,28,54
19-07-24,18:46:45,30,28,53
19-07-24,18:47:00,30,28,53
19-07-24,18:47:15,30,28,52
19-07-24,18:47:30,30,28,51
19-07-24,18:47:45,30,28,51
19-07-24,18:48:00,30,28,50
19-07-24,18:48:15,30,28,49
19-07-24,18:48:30,30,28,49
19-07-24,18:48:45,30,28,48
19-07-24,18:49:00,30,28,48
19-07-24,18:49:15,30,28,47
19-07-24,18:49:30,30,28,46
19-07-24,18:49:45,30,29,46
19-07-24,18:50:00,30,29,45
19-07-24,18:50:15,30,29,45
19-07-24,18:50:30,30,29,44
19-07-24,18:50:45,30,29,43
19-07-24,18:51:00,30,29,43
19-07-24,18:51:15,30,29,42
19-07-24,18:51:30,30,29,42
19-07-24,18:51:45,30,29,41
19-07-24,18:52:00,30,29,41
19-07-24,18:52:15,30,29,40
19-07-24,18:52:30,30,29,40
19-07-24,18:52:45,30,29,40
19-07-24,18:53:00,30,29,39
19-07-24,18:53:15,30,29,39
19-07-24,18:53:30,30,29,38
19-07-24,18:53:45,30,29,38
19-07-24,18:54:00,30,29,37
19-07-24,18:54:15,30,29,37
19-07-24,18:54:30,30,29,37
19-07-24,18:54:45,30,30,36
19-07-24,18:55:00,30,30,36
19-07-24,18:55:15,30,30,36
19-07-24,18:55:30,30,30,35
19-07-24,18:55:45,30,30,35
19-07-24,18:56:00,30,30,34
19-07-24,18:56:15,30,30,34
19-07-24,18:56:30,30,30,33
19-07-24,18:56:45,30,30,33
19-07-24,18:57:00,30,30,33
19-07-24,18:57:15,30,30,32
19-07-24,18:57:30,30,30,32
19-07-24,18:57:45,30,30,32
19-07-24,18:58:00,30,30,31
19-07-24,18:58:15,30,31,31
19-07-24,18:58:30,30,31,30
19-07-24,18:58:45,30,31,30
19-07-24,18:59:00,30,31,30
19-07-24,18:59:15,30,31,29
19-07-24,18:59:30,30,31,29
19-07-24,18:59:45,30,31,29
19-07-24,19:00:00,30,31,28
19-07-24,19:00:15,30,31,28
19-07-24,19:00:30,30,31,28
19-07-24,19:00:45,30,31,27
19-07-24,19:01:00,30,31,27
19-07-24,19:01:15,30,31,26
19-07-24,19:01:30,30,31,26
19-07-24,19:01:45,30,31,26
19-07-24,19:02:00,30,31,25
19-07-24,19:02:15,30,32,25
19-07-24,19:02:30,30,32,25
19-07-24,19:02:45,30,32,24
19-07-24,19:03:00,29,32,24
19-07-24,19:03:15,29,32,23
19-07-24,19:03:30,29,32,22
19-07-24,19:03:45,29,32,22
19-07-24,19:04:00,29,32,21
19-07-24,19:04:15,29,32,21
19-07-24,19:04:30,29,32,21
19-07-24,19:04:45,29,32,20
19-07-24,19:05:00,29,32,20
19-07-24,19:05:15,29,32,20
19-07-24,19:05:30,29,32,19
19-07-24,19:05:45,29,32,19
19-07-24,19:06:00,29,32,19
19-07-24,19:06:15,29,32,19
19-07-24,19:06:30,29,32,18
19-07-24,19:06:45,29,32,18
19-07-24,19:07:00,29,32,18
19-07-24,19:07:15,29,32,18
19-07-24,19:07:30,29,32,17
19-07-24,19:07:45,29,32,17
19-07-24,19:08:00,29,32,17
19-07-24,19:08:15,29,32,17
19-07-24,19:08:30,29,32,16
19-07-24,19:08:45,29,32,16
19-07-24,19:09:00,29,32,16
19-07-24,19:09:15,29,32,16
19-07-24,19:09:30,29,32,16
19-07-24,19:09:45,29,32,15
19-07-24,19:10:00,29,32,15
19-07-24,19:10:15,29,32,15
19-07-24,19:10:30,29,32,15
19-07-24,19:10:45,29,32,14
19-07-24,19:11:00,29,32,14
19-07-24,19:11:15,29,32,14
19-07-24,19:11:30,29,32,14
19-07-24,19:11:45,29,33,13
19-07-24,19:12:00,29,33,13
19-07-24,19:12:15,29,33,13
19-07-24,19:12:30,29,33,13
19-07-24,19:12:45,29,33,12
19-07-24,19:13:00,29,33,12
19-07-24,19:13:15,29,33,12
19-07-24,19:13:30,29,33,12
19-07-24,19:13:45,29,33,12
19-07-24,19:14:00,29,33,11
19-07-24,19:14:15,29,33,11
19-07-24,19:14:30,29,33,11
19-07-24,19:14:45,29,33,11
19-07-24,19:15:00,29,33,10
19-07-24,19:15:15,29,33,10
19-07-24,19:15:30,29,33,10
19-07-24,19:15:45,29,33,10
19-07-24,19:16:00,29,33,10
19-07-24,19:16:15,29,34,10
19-07-24,19:16:30,29,34,9
19-07-24,19:16:45,29,34,9
19-07-24,19:17:00,29,34,9
19-07-24,19:17:15,29,34,9
19-07-24,19:17:30,29,34,9
19-07-24,19:17:45,29,34,8
19-07-24,19:18:00,29,34,8
19-07-24,19:18:15,29,34,8
19-07-24,19:18:30,29,34,8
19-07-24,19:18:45,29,34,8
19-07-24,19:19:00,29,34,7
19-07-24,19:19:15,29,34,7
19-07-24,19:19:30,29,34,7
19-07-24,19:19:45,29,34,7
19-07-24,19:20:00,29,34,7
19-07-24,19:20:15,29,34,7
19-07-24,19:20:30,29,34,7
19-07-24,19:20:45,29,34,6
19-07-24,19:21:00,29,34,6
19-07-24,19:21:15,29,34,6
19-07-24,19:21:30,29,34,6
19-07-24,19:21:45,29,35,6
19-07-24,19:22:00,29,35,6
19-07-24,19:22:15,29,35,6
19-07-24,19:22:30,29,35,6
19-07-24,19:22:45,29,35,5
19-07-24,19:23:00,29,35,5
19-07-24,19:23:15,29,35,5
19-07-24,19:23:30,29,35,5
19-07-24,19:23:45,29,35,5
19-07-24,19:24:00,28,35,5
19-07-24,19:24:15,28,35,5
19-07-24,19:24:30,28,35,5
19-07-24,19:24:45,28,35,5
19-07-24,19:25:00,28,35,4
19-07-24,19:25:15,28,35,4
19-07-24,19:25:30,28,35,4
19-07-24,19:25:45,28,36,4
19-07-24,19:26:00,28,36,4
19-07-24,19:26:15,28,36,4
19-07-24,19:26:30,28,36,4
19-07-24,19:26:45,28,36,4
19-07-24,19:27:00,28,36,4
19-07-24,19:27:15,28,36,4
19-07-24,19:27:30,28,36,4
19-07-24,19:27:45,28,36,4
19-07-24,19:28:00,28,36,4
19-07-24,19:28:15,28,36,3
19-07-24,19:28:30,28,36,3
19-07-24,19:28:45,28,36,3
19-07-24,19:29:00,28,36,3
19-07-24,19:29:15,28,36,3
19-07-24,19:29:30,28,36,3
19-07-24,19:29:45,28,36,3
19-07-24,19:30:00,28,36,3
19-07-24,19:30:15,28,36,3
19-07-24,19:30:30,28,36,3
19-07-24,19:30:45,28,36,3
19-07-24,19:31:00,28,37,3
19-07-24,19:31:15,28,37,3
19-07-24,19:31:30,28,37,3
19-07-24,19:31:45,28,37,3
19-07-24,19:32:00,28,37,3
19-07-24,19:32:15,28,37,2
19-07-24,19:32:30,28,37,2
19-07-24,19:32:45,28,37,2
19-07-24,19:33:00,28,37,2
19-07-24,19:33:15,28,37,2
19-07-24,19:33:30,28,37,2
19-07-24,19:33:45,28,37,2
19-07-24,19:34:00,28,37,2
19-07-24,19:34:15,28,37,2
19-07-24,19:34:30,28,37,2
19-07-24,19:34:45,28,38,2
19-07-24,19:35:00,28,38,2
19-07-24,19:35:15,28,38,2
19-07-24,19:35:30,28,38,2
19-07-24,19:35:45,28,38,2
19-07-24,19:36:00,28,38,2
19-07-24,19:36:15,28,38,2
19-07-24,19:36:30,28,38,2
19-07-24,19:36:45,28,38,2
19-07-24,19:37:00,28,39,2
19-07-24,19:37:15,28,39,1
19-07-24,19:37:30,28,39,1
19-07-24,19:37:45,28,39,2
19-07-24,19:38:00,28,39,1
19-07-24,19:38:15,28,39,1
19-07-24,19:38:30,28,39,1
19-07-24,19:38:45,28,39,1
19-07-24,19:39:00,28,39,1
19-07-24,19:39:15,28,39,1
19-07-24,19:39:30,28,39,1
19-07-24,19:39:45,28,39,1
19-07-24,19:40:00,28,39,1
19-07-24,19:40:15,28,39,1
19-07-24,19:40:30,28,39,1
19-07-24,19:40:45,28,39,1
19-07-24,19:41:00,28,39,1
19-07-24,19:41:15,28,39,1
19-07-24,19:41:30,28,39,1
19-07-24,19:41:45,28,39,1
19-07-24,19:42:00,28,39,1
19-07-24,19:42:15,28,39,1
19-07-24,19:42:30,28,39,1
19-07-24,19:42:45,28,39,1
19-07-24,19:43:00,28,39,1
19-07-24,19:43:15,28,39,1
19-07-24,19:43:30,28,40,1
19-07-24,19:43:45,28,40,1
19-07-24,19:44:00,28,40,1
19-07-24,19:44:15,28,40,1
19-07-24,19:44:30,28,40,1
19-07-24,19:44:45,28,40,1
19-07-24,19:45:00,28,40,1
19-07-24,19:45:15,28,40,1
19-07-24,19:45:30,28,40,1
19-07-24,19:45:45,28,40,1
19-07-24,19:46:00,28,40,1
19-07-24,19:46:15,28,40,1
19-07-24,19:46:30,28,40,1
19-07-24,19:46:45,28,40,1
19-07-24,19:47:00,28,40,1
19-07-24,19:47:15,28,40,1
19-07-24,19:47:30,28,41,1
19-07-24,19:47:45,28,41,1
19-07-24,19:48:00,28,41,1
19-07-24,19:48:15,28,41,1
19-07-24,19:48:30,28,41,1
19-07-24,19:48:45,28,41,1
19-07-24,19:49:00,28,41,1
19-07-24,19:49:15,27,41,1
19-07-24,19:49:30,27,41,1
19-07-24,19:49:45,27,41,1
19-07-24,19:50:00,27,41,1
19-07-24,19:50:15,27,41,1
19-07-24,19:50:30,27,41,1
19-07-24,19:50:45,27,41,1
19-07-24,19:51:00,27,41,1
19-07-24,19:51:15,27,41,1
19-07-24,19:51:30,27,41,1
19-07-24,19:51:45,27,41,1
19-07-24,19:52:00,27,41,1
19-07-24,19:52:15,27,41,1
19-07-24,19:52:30,27,41,1
19-07-24,19:52:45,27,42,1
19-07-24,19:53:00,27,42,1
19-07-24,19:53:15,27,42,1
19-07-24,19:53:30,27,42,1
19-07-24,19:53:45,27,42,1
19-07-24,19:54:00,27,42,1
19-07-24,19:54:15,27,42,1
19-07-24,19:54:30,27,42,1
19-07-24,19:54:45,27,42,1
19-07-24,19:55:00,27,42,1
19-07-24,19:55:15,27,42,1
19-07-24,19:55:30,27,42,1
19-07-24,19:55:45,27,42,1
19-07-24,19:56:00,27,42,1
19-07-24,19:56:15,27,42,1
19-07-24,19:56:30,27,42,1
19-07-24,19:56:45,27,42,1
19-07-24,19:57:00,27,42,1
19-07-24,19:57:15,27,42,1
19-07-24,19:57:30,27,42,1
19-07-24,19:57:45,27,43,1
19-07-24,19:58:00,27,43,1
19-07-24,19:58:15,27,43,1
19-07-24,19:58:30,27,43,1
19-07-24,19:58:45,27,43,1
19-07-24,19:59:00,27,43,1
19-07-24,19:59:15,27,43,1
19-07-24,19:59:30,27,43,1
19-07-24,19:59:45,27,43,1
19-07-24,20:00:00,27,43,1
19-07-24,20:00:15,27,43,1
19-07-24,20:00:30,27,43,1
19-07-24,20:00:45,27,43,1
19-07-24,20:01:00,27,43,1
19-07-24,20:01:15,27,43,1
19-07-24,20:01:30,27,43,1
19-07-24,20:01:45,27,43,1
19-07-24,20:02:00,27,43,1
19-07-24,20:02:15,27,43,1
19-07-24,20:02:30,27,43,1
19-07-24,20:02:45,27,43,1
19-07-24,20:03:00,27,43,1
19-07-24,20:03:15,27,44,1
19-07-24,20:03:30,27,44,1
19-07-24,20:03:45,27,44,1
19-07-24,20:04:00,27,44,1
19-07-24,20:04:15,27,44,1
19-07-24,20:04:30,27,44,1
19-07-24,20:04:45,27,44,1
19-07-24,20:05:00,27,44,1
19-07-24,20:05:15,27,44,1
19-07-24,20:05:30,27,44,1
19-07-24,20:05:45,27,44,1
19-07-24,20:06:00,27,44,1
19-07-24,20:06:15,27,44,1
19-07-24,20:06:30,27,44,1
19-07-24,20:06:45,27,44,1
19-07-24,20:07:00,27,44,1
19-07-24,20:07:15,27,44,1
19-07-24,20:07:30,27,44,1
19-07-24,20:07:45,27,44,1
19-07-24,20:08:00,27,44,1
19-07-24,20:08:15,27,44,1
19-07-24,20:08:30,27,44,1
19-07-24,20:08:45,27,44,1
19-07-24,20:09:00,27,44,1
19-07-24,20:09:15,27,44,1
19-07-24,20:09:30,27,44,1
19-07-24,20:09:45,27,44,1
19-07-24,20:10:00,27,44,1
19-07-24,20:10:15,27,44,1
19-07-24,20:10:30,27,44,1
19-07-24,20:10:45,27,45,1
19-07-24,20:11:00,27,44,1
19-07-24,20:11:15,27,45,1
19-07-24,20:11:30,27,45,1
19-07-24,20:11:45,27,45,1
19-07-24,20:12:00,27,45,1
19-07-24,20:12:15,27,45,1
19-07-24,20:12:30,27,45,1
19-07-24,20:12:45,27,45,1
19-07-24,20:13:00,27,45,1
19-07-24,20:13:15,27,45,1
19-07-24,20:13:30,27,45,1
19-07-24,20:13:45,27,45,1
19-07-24,20:14:00,27,45,1
19-07-24,20:14:15,27,45,1
19-07-24,20:14:30,26,45,1
19-07-24,20:14:45,26,45,1
19-07-24,20:15:00,26,45,1
19-07-24,20:15:15,26,45,1
19-07-24,20:15:30,26,45,1
19-07-24,20:15:45,26,45,1
19-07-24,20:16:00,26,45,1
19-07-24,20:16:15,26,45,1
19-07-24,20:16:30,26,45,1
19-07-24,20:16:45,26,45,1
19-07-24,20:17:00,26,45,1
19-07-24,20:17:15,26,45,1
19-07-24,20:17:30,26,45,1
19-07-24,20:17:45,26,45,1
19-07-24,20:18:00,26,45,1
19-07-24,20:18:15,26,45,1
19-07-24,20:18:30,26,45,1
19-07-24,20:18:45,26,45,1
19-07-24,20:19:00,26,45,1
19-07-24,20:19:15,26,45,1
19-07-24,20:19:30,26,45,1
19-07-24,20:19:45,26,45,1
19-07-24,20:20:00,26,46,1
19-07-24,20:20:15,26,45,1
19-07-24,20:20:30,26,45,1
19-07-24,20:20:45,26,46,1
19-07-24,20:21:00,26,46,1
19-07-24,20:21:15,26,46,1
19-07-24,20:21:30,26,46,1
19-07-24,20:21:45,26,46,1
19-07-24,20:22:00,26,46,1
19-07-24,20:22:15,26,46,1
19-07-24,20:22:30,26,46,1
19-07-24,20:22:45,26,46,1
19-07-24,20:23:00,26,46,1
19-07-24,20:23:15,26,46,1
19-07-24,20:23:30,26,46,1
19-07-24,20:23:45,26,46,1
19-07-24,20:24:00,26,46,1
19-07-24,20:24:15,26,46,1
19-07-24,20:24:30,26,46,1
19-07-24,20:24:45,26,46,1
19-07-24,20:25:00,26,46,1
19-07-24,20:25:15,26,46,1
19-07-24,20:25:30,26,46,1
19-07-24,20:25:45,26,46,1
19-07-24,20:26:00,26,46,1
19-07-24,20:26:15,26,46,1
19-07-24,20:26:30,26,46,1
19-07-24,20:26:45,26,46,1
19-07-24,20:27:00,26,46,1
19-07-24,20:27:15,26,46,1
19-07-24,20:27:30,26,46,1
19-07-24,20:27:45,26,46,1
19-07-24,20:28:00,26,46,1
19-07-24,20:28:15,26,46,1
19-07-24,20:28:30,26,46,1
19-07-24,20:28:45,26,46,1
19-07-24,20:29:00,26,46,1
19-07-24,20:29:15,26,46,1
19-07-24,20:29:30,26,46,1
19-07-24,20:29:45,26,46,1
19-07-24,20:30:00,26,46,0
19-07-24,20:30:15,26,46,1
19-07-24,20:30:30,26,46,1
19-07-24,20:30:45,26,46,1
19-07-24,20:31:00,26,46,1
19-07-24,20:31:15,26,46,0
19-07-24,20:31:30,26,46,1
19-07-24,20:31:45,26,46,0
19-07-24,20:32:00,26,46,1
19-07-24,20:32:15,26,46,1
19-07-24,20:32:30,26,46,0
19-07-24,20:32:45,26,46,0
19-07-24,20:33:00,26,46,0
19-07-24,20:33:15,26,46,0
19-07-24,20:33:30,26,46,0
19-07-24,20:33:45,26,46,1
19-07-24,20:34:00,26,46,0
19-07-24,20:34:15,26,46,0
19-07-24,20:34:30,26,46,0
19-07-24,20:34:45,26,46,0
19-07-24,20:35:00,26,46,0
19-07-24,20:35:15,26,46,0
19-07-24,20:35:30,26,46,0
19-07-24,20:35:45,26,46,0
19-07-24,20:36:00,26,46,0
19-07-24,20:36:15,26,46,0
19-07-24,20:36:30,26,46,0
19-07-24,20:36:45,26,46,0
19-07-24,20:37:00,26,46,0
19-07-24,20:37:15,26,46,0
19-07-24,20:37:30,26,46,0
19-07-24,20:37:45,26,46,0
19-07-24,20:38:00,26,46,0
19-07-24,20:38:15,26,46,0
19-07-24,20:38:30,26,46,0
19-07-24,20:38:45,26,46,0
19-07-24,20:39:00,26,46,0
19-07-24,20:39:15,26,46,0
19-07-24,20:39:30,26,46,0
19-07-24,20:39:45,26,46,0
19-07-24,20:40:00,26,46,0
19-07-24,20:40:15,26,46,0
19-07-24,20:40:30,26,45,0
19-07-24,20:40:45,26,45,0
19-07-24,20:41:00,26,45,0
19-07-24,20:41:15,26,45,0
19-07-24,20:41:30,26,45,0
19-07-24,20:41:45,26,45,0
19-07-24,20:42:00,26,45,0
19-07-24,20:42:15,26,45,0
19-07-24,20:42:30,26,45,0
19-07-24,20:42:45,26,45,0
19-07-24,20:43:00,26,45,0
19-07-24,20:43:15,26,45,0
19-07-24,20:43:30,26,45,0
19-07-24,20:43:45,26,45,0
19-07-24,20:44:00,26,45,0
19-07-24,20:44:15,26,45,0
19-07-24,20:44:30,26,45,0
19-07-24,20:44:45,26,45,0
19-07-24,20:45:00,26,45,0
19-07-24,20:45:15,26,45,0
19-07-24,20:45:30,26,45,0
19-07-24,20:45:45,26,45,0
19-07-24,20:46:00,26,45,0
19-07-24,20:46:15,26,45,0
19-07-24,20:46:30,26,45,0
19-07-24,20:46:45,26,45,0
19-07-24,20:47:00,26,45,0
19-07-24,20:47:15,26,45,0
19-07-24,20:47:30,26,45,0
19-07-24,20:47:45,26,45,0
19-07-24,20:48:00,26,46,0
19-07-24,20:48:15,26,46,0
19-07-24,20:48:30,26,46,0
19-07-24,20:48:45,26,46,0
19-07-24,20:49:00,26,46,0
19-07-24,20:49:15,26,46,0
19-07-24,20:49:30,26,46,0
19-07-24,20:49:45,26,46,0
19-07-24,20:50:00,26,46,0
19-07-24,20:50:15,26,46,0
19-07-24,20:50:30,26,46,0
19-07-24,20:50:45,26,46,0
19-07-24,20:51:00,26,46,0
19-07-24,20:51:15,26,46,0
19-07-24,20:51:30,26,46,0
19-07-24,20:51:45,26,46,0
19-07-24,20:52:00,26,46,0
19-07-24,20:52:15,26,46,0
19-07-24,20:52:30,26,46,0
19-07-24,20:52:45,26,46,0
19-07-24,20:53:00,26,46,0
19-07-24,20:53:15,26,46,0
19-07-24,20:53:30,26,46,0
19-07-24,20:53:45,26,46,0
19-07-24,20:54:00,26,46,0
19-07-24,20:54:15,26,46,0
19-07-24,20:54:30,26,46,0
19-07-24,20:54:45,26,46,0
19-07-24,20:55:00,26,46,0
19-07-24,20:55:15,26,46,0
19-07-24,20:55:30,26,46,0
19-07-24,20:55:45,26,46,0
19-07-24,20:56:00,26,46,0
19-07-24,20:56:15,26,46,0
19-07-24,20:56:30,26,46,0
19-07-24,20:56:45,26,46,0
19-07-24,20:57:00,26,46,0
19-07-24,20:57:15,26,46,0
19-07-24,20:57:30,26,46,0
19-07-24,20:57:45,26,46,0
19-07-24,20:58:00,26,46,0
19-07-24,20:58:15,26,46,0
19-07-24,20:58:30,26,46,0
19-07-24,20:58:45,26,46,0
19-07-24,20:59:00,26,46,0
19-07-24,20:59:15,26,46,0
19-07-24,20:59:30,26,46,0
19-07-24,20:59:45,26,46,0
19-07-24,21:00:00,26,46,0
19-07-24,21:00:15,26,46,0
19-07-24,21:00:30,26,46,0
19-07-24,21:00:45,26,46,0
19-07-24,21:01:00,26,46,0
19-07-24,21:01:15,26,46,0
19-07-24,21:01:30,26,46,0
19-07-24,21:01:45,26,46,0
19-07-24,21:02:00,26,46,0
19-07-24,21:02:15,26,46,0
19-07-24,21:02:30,26,46,0
19-07-24,21:02:45,26,46,0
19-07-24,21:03:00,26,46,0
19-07-24,21:03:15,26,46,0
19-07-24,21:03:30,26,46,0
19-07-24,21:03:45,26,47,0
19-07-24,21:04:00,26,47,0
19-07-24,21:04:15,25,47,0
19-07-24,21:04:30,25,47,0
19-07-24,21:04:45,25,47,0
19-07-24,21:05:00,25,47,0
19-07-24,21:05:15,25,47,1
19-07-24,21:05:30,25,47,0
19-07-24,21:05:45,25,47,0
19-07-24,21:06:00,25,47,0
19-07-24,21:06:15,25,47,1
19-07-24,21:06:30,25,47,0
19-07-24,21:06:45,25,47,0
19-07-24,21:07:00,25,47,0
19-07-24,21:07:15,25,47,1
19-07-24,21:07:30,25,47,1
19-07-24,21:07:45,25,47,1
19-07-24,21:08:00,25,47,1
19-07-24,21:08:15,25,47,1
19-07-24,21:08:30,25,47,0
19-07-24,21:08:45,25,47,1
19-07-24,21:09:00,25,47,0
19-07-24,21:09:15,25,47,0
19-07-24,21:09:30,25,47,1
19-07-24,21:09:45,25,47,1
19-07-24,21:10:00,25,48,1
19-07-24,21:10:15,25,48,0
19-07-24,21:10:30,25,48,1
19-07-24,21:10:45,25,48,1
19-07-24,21:11:00,25,48,1
19-07-24,21:11:15,25,48,1
19-07-24,21:11:30,25,48,1
19-07-24,21:11:45,25,48,0
19-07-24,21:12:00,25,48,0
19-07-24,21:12:15,25,48,1
19-07-24,21:12:30,25,48,1
19-07-24,21:12:45,25,48,1
19-07-24,21:13:00,25,48,1
19-07-24,21:13:15,25,48,1
19-07-24,21:13:30,25,48,1
19-07-24,21:13:45,25,48,1
19-07-24,21:14:00,25,48,0
19-07-24,21:14:15,25,48,1
19-07-24,21:14:30,25,48,1
19-07-24,21:14:45,25,48,0
19-07-24,21:15:00,25,48,1
19-07-24,21:15:15,25,48,1
19-07-24,21:15:30,25,48,0
19-07-24,21:15:45,25,48,0
19-07-24,21:16:00,25,48,0
19-07-24,21:16:15,25,48,1
19-07-24,21:16:30,25,48,0
19-07-24,21:16:45,25,48,0
19-07-24,21:17:00,25,48,0
19-07-24,21:17:15,25,48,0
19-07-24,21:17:30,25,48,0
19-07-24,21:17:45,25,48,0
19-07-24,21:18:00,25,48,0
19-07-24,21:18:15,25,48,0
19-07-24,21:18:30,25,48,0
19-07-24,21:18:45,25,48,0
19-07-24,21:19:00,25,48,0
19-07-24,21:19:15,25,48,0
19-07-24,21:19:30,25,48,0
19-07-24,21:19:45,25,48,0
19-07-24,21:20:00,25,48,0
19-07-24,21:20:15,25,48,0
19-07-24,21:20:30,25,48,0
19-07-24,21:20:45,25,48,0
19-07-24,21:21:00,25,48,0
19-07-24,21:21:15,25,48,0
19-07-24,21:21:30,25,48,0
19-07-24,21:21:45,25,48,0
19-07-24,21:22:00,25,48,0
19-07-24,21:22:15,25,48,0
19-07-24,21:22:30,25,48,0
19-07-24,21:22:45,25,48,0
19-07-24,21:23:00,25,48,0
19-07-24,21:23:15,25,48,0
19-07-24,21:23:30,25,48,0
19-07-24,21:23:45,25,48,0
19-07-24,21:24:00,25,48,0
19-07-24,21:24:15,25,48,0
19-07-24,21:24:30,25,48,1
19-07-24,21:24:45,25,48,0
19-07-24,21:25:00,25,48,0
19-07-24,21:25:15,25,48,0
19-07-24,21:25:30,25,48,0
19-07-24,21:25:45,25,48,1
19-07-24,21:26:00,25,48,1
19-07-24,21:26:15,25,48,1
19-07-24,21:26:30,25,48,0
19-07-24,21:26:45,25,48,0
19-07-24,21:27:00,25,48,0
19-07-24,21:27:15,25,48,0
19-07-24,21:27:30,25,48,0
19-07-24,21:27:45,25,48,0
19-07-24,21:28:00,25,48,0
19-07-24,21:28:15,25,48,0
19-07-24,21:28:30,25,48,0
19-07-24,21:28:45,25,48,0
19-07-24,21:29:00,25,48,0
19-07-24,21:29:15,25,48,0
19-07-24,21:29:30,25,48,0
19-07-24,21:29:45,25,48,0
19-07-24,21:30:00,25,48,0
19-07-24,21:30:15,25,48,0
19-07-24,21:30:30,25,48,0
19-07-24,21:30:45,25,48,0
19-07-24,21:31:00,25,48,0
19-07-24,21:31:15,25,48,0
19-07-24,21:31:30,25,48,0
19-07-24,21:31:45,25,48,0
19-07-24,21:32:00,25,48,0
19-07-24,21:32:15,25,48,0
19-07-24,21:32:30,25,48,0
19-07-24,21:32:45,25,48,0
19-07-24,21:33:00,25,48,0
19-07-24,21:33:15,25,48,0
19-07-24,21:33:30,25,48,0
19-07-24,21:33:45,25,48,0
19-07-24,21:34:00,25,48,0
19-07-24,21:34:15,25,48,0
19-07-24,21:34:30,25,48,0
19-07-24,21:34:45,25,48,0
19-07-24,21:35:00,25,48,0
19-07-24,21:35:15,25,48,0
19-07-24,21:35:30,25,48,0
19-07-24,21:35:45,25,48,0
19-07-24,21:36:00,25,48,0
19-07-24,21:36:15,25,48,0
19-07-24,21:36:30,25,48,0
19-07-24,21:36:45,25,48,0
19-07-24,21:37:00,25,48,0
19-07-24,21:37:15,25,48,0
19-07-24,21:37:30,25,48,0
19-07-24,21:37:45,25,48,0
19-07-24,21:38:00,25,48,0
19-07-24,21:38:15,25,48,0
19-07-24,21:38:30,25,48,0
19-07-24,21:38:45,25,48,0
19-07-24,21:39:00,25,48,0
19-07-24,21:39:15,25,48,0
19-07-24,21:39:30,25,48,0
19-07-24,21:39:45,25,48,0
19-07-24,21:40:00,25,48,0
19-07-24,21:40:15,25,47,0
19-07-24,21:40:30,25,48,0
19-07-24,21:40:45,25,48,0
19-07-24,21:41:00,25,48,0
19-07-24,21:41:15,25,47,0
19-07-24,21:41:30,25,47,0
19-07-24,21:41:45,25,47,0
19-07-24,21:42:00,25,47,0
19-07-24,21:42:15,25,47,0
19-07-24,21:42:30,25,47,0
19-07-24,21:42:45,25,47,0
19-07-24,21:43:00,25,47,0
19-07-24,21:43:15,25,47,0
19-07-24,21:43:30,25,47,0
19-07-24,21:43:45,25,47,0
19-07-24,21:44:00,25,47,0
19-07-24,21:44:15,25,47,0
19-07-24,21:44:30,25,47,0
19-07-24,21:44:45,25,47,0
19-07-24,21:45:00,25,47,0
19-07-24,21:45:15,25,47,0
19-07-24,21:45:30,25,47,0
19-07-24,21:45:45,25,47,0
19-07-24,21:46:00,25,47,0
19-07-24,21:46:15,25,47,0
19-07-24,21:46:30,25,47,0
19-07-24,21:46:45,25,47,0
19-07-24,21:47:00,25,47,0
19-07-24,21:47:15,25,47,0
19-07-24,21:47:30,25,47,0
19-07-24,21:47:45,25,47,0
19-07-24,21:48:00,25,47,0
19-07-24,21:48:15,25,47,0
19-07-24,21:48:30,25,46,0
19-07-24,21:48:45,25,46,0
19-07-24,21:49:00,25,46,0
19-07-24,21:49:15,25,46,0
19-07-24,21:49:30,25,46,0
19-07-24,21:49:45,25,46,0
19-07-24,21:50:00,25,46,0
19-07-24,21:50:15,25,46,0
19-07-24,21:50:30,25,46,0
19-07-24,21:50:45,25,46,0
19-07-24,21:51:00,25,46,0
19-07-24,21:51:15,25,46,0
19-07-24,21:51:30,25,46,0
19-07-24,21:51:45,25,46,0
19-07-24,21:52:00,25,46,0
19-07-24,21:52:15,25,46,0
19-07-24,21:52:30,25,46,0
19-07-24,21:52:45,25,46,0
19-07-24,21:53:00,25,46,0
19-07-24,21:53:15,25,46,0
19-07-24,21:53:30,25,46,0
19-07-24,21:53:45,25,46,0
19-07-24,21:54:00,25,46,0
19-07-24,21:54:15,25,46,0
19-07-24,21:54:30,25,46,0
19-07-24,21:54:45,25,46,0
19-07-24,21:55:00,25,46,0
19-07-24,21:55:15,25,45,0
19-07-24,21:55:30,25,46,0
19-07-24,21:55:45,25,46,0
19-07-24,21:56:00,25,46,0
19-07-24,21:56:15,25,46,0
19-07-24,21:56:30,25,46,0
19-07-24,21:56:45,25,46,0
19-07-24,21:57:00,25,46,0
19-07-24,21:57:15,25,46,0
19-07-24,21:57:30,25,46,0
19-07-24,21:57:45,25,46,0
19-07-24,21:58:00,25,46,0
19-07-24,21:58:15,25,46,0
19-07-24,21:58:30,25,45,0
19-07-24,21:58:45,25,45,0
19-07-24,21:59:00,25,45,0
19-07-24,21:59:15,25,45,0
19-07-24,21:59:30,25,46,0
19-07-24,21:59:45,25,46,0
19-07-24,22:00:00,25,46,0
19-07-24,22:00:15,25,45,0
19-07-24,22:00:30,25,45,0
19-07-24,22:00:45,25,45,0
19-07-24,22:01:00,25,45,0
19-07-24,22:01:15,25,45,0
19-07-24,22:01:30,25,45,0
19-07-24,22:01:45,25,45,0
19-07-24,22:02:00,25,45,0
19-07-24,22:02:15,25,45,0
19-07-24,22:02:30,25,45,0
19-07-24,22:02:45,25,45,0
19-07-24,22:03:00,25,45,0
19-07-24,22:03:15,25,45,0
19-07-24,22:03:30,25,45,0
19-07-24,22:03:45,25,45,0
19-07-24,22:04:00,25,45,0
19-07-24,22:04:15,25,46,0
19-07-24,22:04:30,25,46,0
19-07-24,22:04:45,25,46,0
19-07-24,22:05:00,25,46,0
19-07-24,22:05:15,25,46,0
19-07-24,22:05:30,25,46,0
19-07-24,22:05:45,25,46,0
19-07-24,22:06:00,25,46,0
19-07-24,22:06:15,25,45,0
19-07-24,22:06:30,25,45,0
19-07-24,22:06:45,25,45,0
19-07-24,22:07:00,25,45,0
19-07-24,22:07:15,25,45,0
19-07-24,22:07:30,25,45,0
19-07-24,22:07:45,25,45,0
19-07-24,22:08:00,25,45,0
19-07-24,22:08:15,25,45,0
19-07-24,22:08:30,25,45,0
19-07-24,22:08:45,25,45,0
19-07-24,22:09:00,25,45,0
19-07-24,22:09:15,25,45,0
19-07-24,22:09:30,25,45,0
19-07-24,22:09:45,25,45,0
19-07-24,22:10:00,25,45,0
19-07-24,22:10:15,25,45,0
19-07-24,22:10:30,25,45,0
19-07-24,22:10:45,25,45,0
19-07-24,22:11:00,25,45,0
19-07-24,22:11:15,25,45,0
19-07-24,22:11:30,25,45,0
19-07-24,22:11:45,25,45,0
19-07-24,22:12:00,25,45,0
19-07-24,22:12:15,25,45,0
19-07-24,22:12:30,25,44,0
19-07-24,22:12:45,25,44,0
19-07-24,22:13:00,25,44,0
19-07-24,22:13:15,25,44,0
19-07-24,22:13:30,25,44,0
19-07-24,22:13:45,25,44,0
19-07-24,22:14:00,25,44,0
19-07-24,22:14:15,25,44,0
19-07-24,22:14:30,25,44,0
19-07-24,22:14:45,25,44,0
19-07-24,22:15:00,25,45,0
19-07-24,22:15:15,25,45,0
19-07-24,22:15:30,25,45,0
19-07-24,22:15:45,25,45,0
19-07-24,22:16:00,25,45,0
19-07-24,22:16:15,25,45,0
19-07-24,22:16:30,25,45,0
19-07-24,22:16:45,25,45,0
19-07-24,22:17:00,25,45,0
19-07-24,22:17:15,25,45,0
19-07-24,22:17:30,25,45,0
19-07-24,22:17:45,25,45,0
19-07-24,22:18:00,25,45,0
19-07-24,22:18:15,25,45,0
19-07-24,22:18:30,24,45,0
19-07-24,22:18:45,24,44,0
19-07-24,22:19:00,24,44,0
19-07-24,22:19:15,24,44,0
19-07-24,22:19:30,24,44,0
19-07-24,22:19:45,24,44,0
19-07-24,22:20:00,24,44,0
19-07-24,22:20:15,24,45,0
19-07-24,22:20:30,24,45,0
19-07-24,22:20:45,24,45,0
19-07-24,22:21:00,24,45,0
19-07-24,22:21:15,24,45,0
19-07-24,22:21:30,24,45,0
19-07-24,22:21:45,24,45,0
19-07-24,22:22:00,24,45,0
19-07-24,22:22:15,24,45,0
19-07-24,22:22:30,24,45,0
19-07-24,22:22:45,24,45,0
19-07-24,22:23:00,24,45,0
19-07-24,22:23:15,24,45,0
19-07-24,22:23:30,24,45,0
19-07-24,22:23:45,24,45,0
19-07-24,22:24:00,24,45,0
19-07-24,22:24:15,24,45,0
19-07-24,22:24:30,24,45,0
19-07-24,22:24:45,24,45,0
19-07-24,22:25:00,24,45,0
19-07-24,22:25:15,24,45,0
19-07-24,22:25:30,24,45,0
19-07-24,22:25:45,24,44,0
19-07-24,22:26:00,24,44,0
19-07-24,22:26:15,24,44,0
19-07-24,22:26:30,24,44,0
19-07-24,22:26:45,24,44,0
19-07-24,22:27:00,24,44,0
19-07-24,22:27:15,24,44,0
19-07-24,22:27:30,24,44,0
19-07-24,22:27:45,24,44,0
19-07-24,22:28:00,24,44,0
19-07-24,22:28:15,24,44,0
19-07-24,22:28:30,24,44,0
19-07-24,22:28:45,24,44,0
19-07-24,22:29:00,24,43,0
19-07-24,22:29:15,25,43,0
19-07-24,22:29:30,25,43,0
19-07-24,22:29:45,25,43,0
19-07-24,22:30:00,25,43,0
19-07-24,22:30:15,25,42,0
19-07-24,22:30:30,25,42,0
19-07-24,22:30:45,25,42,0
19-07-24,22:31:00,25,42,0
19-07-24,22:31:15,25,42,0
19-07-24,22:31:30,25,41,0
19-07-24,22:31:45,25,41,0
19-07-24,22:32:00,25,41,0
19-07-24,22:32:15,25,41,0
19-07-24,22:32:30,25,41,0
19-07-24,22:32:45,25,41,0
19-07-24,22:33:00,25,40,0
19-07-24,22:33:15,25,40,0
19-07-24,22:33:30,25,40,0
19-07-24,22:33:45,25,40,0
19-07-24,22:34:00,25,40,0
19-07-24,22:34:15,25,40,0
19-07-24,22:34:30,25,40,0
19-07-24,22:34:45,25,40,0
19-07-24,22:35:00,25,40,0
19-07-24,22:35:15,25,41,0
19-07-24,22:35:30,25,41,0
19-07-24,22:35:45,24,41,0
19-07-24,22:36:00,24,41,0
19-07-24,22:36:15,24,41,0
19-07-24,22:36:30,24,41,0
19-07-24,22:36:45,24,41,0
19-07-24,22:37:00,24,41,0
19-07-24,22:37:15,24,41,0
19-07-24,22:37:30,24,41,0
19-07-24,22:37:45,24,41,0
19-07-24,22:38:00,24,40,0
19-07-24,22:38:15,24,40,0
19-07-24,22:38:30,24,40,0
19-07-24,22:38:45,24,40,0
19-07-24,22:39:00,24,40,0
19-07-24,22:39:15,24,40,0
19-07-24,22:39:30,24,40,0
19-07-24,22:39:45,24,39,0
19-07-24,22:40:00,24,39,0
19-07-24,22:40:15,24,39,0
19-07-24,22:40:30,24,39,0
19-07-24,22:40:45,24,39,0
19-07-24,22:41:00,24,39,0
19-07-24,22:41:15,24,39,0
19-07-24,22:41:30,24,38,0
19-07-24,22:41:45,24,39,0
19-07-24,22:42:00,24,38,0
19-07-24,22:42:15,24,38,0
19-07-24,22:42:30,24,39,0
19-07-24,22:42:45,24,39,0
19-07-24,22:43:00,24,39,0
19-07-24,22:43:15,24,39,0
19-07-24,22:43:30,24,39,0
19-07-24,22:43:45,24,39,0
19-07-24,22:44:00,24,40,0
19-07-24,22:44:15,24,40,0
19-07-24,22:44:30,24,40,0
19-07-24,22:44:45,24,40,0
19-07-24,22:45:00,24,40,0
19-07-24,22:45:15,24,40,0
19-07-24,22:45:30,24,40,0
19-07-24,22:45:45,24,40,0
19-07-24,22:46:00,24,40,0
19-07-24,22:46:15,24,40,0
19-07-24,22:46:30,24,40,0
19-07-24,22:46:45,24,40,0
19-07-24,22:47:00,24,40,0
19-07-24,22:47:15,24,40,0
19-07-24,22:47:30,24,40,0
19-07-24,22:47:45,25,40,0
19-07-24,22:48:00,25,39,0
19-07-24,22:48:15,25,39,0
19-07-24,22:48:30,25,39,0
19-07-24,22:48:45,25,39,0
19-07-24,22:49:00,25,39,0
19-07-24,22:49:15,25,39,0
19-07-24,22:49:30,25,39,0
19-07-24,22:49:45,25,39,0
19-07-24,22:50:00,25,38,0
19-07-24,22:50:15,25,39,0
19-07-24,22:50:30,25,39,0
19-07-24,22:50:45,25,38,0
19-07-24,22:51:00,25,38,0
19-07-24,22:51:15,25,38,0
19-07-24,22:51:30,25,38,0
19-07-24,22:51:45,25,38,0
19-07-24,22:52:00,25,38,0
19-07-24,22:52:15,25,37,0
19-07-24,22:52:30,25,37,0
19-07-24,22:52:45,25,37,0
19-07-24,22:53:00,25,37,0
19-07-24,22:53:15,25,37,0
19-07-24,22:53:30,25,37,0
19-07-24,22:53:45,25,37,0
19-07-24,22:54:00,25,37,0
19-07-24,22:54:15,25,36,0
19-07-24,22:54:30,25,36,0
19-07-24,22:54:45,25,36,0
19-07-24,22:55:00,25,36,0
19-07-24,22:55:15,25,36,0
19-07-24,22:55:30,25,36,0
19-07-24,22:55:45,25,36,0
19-07-24,22:56:00,25,36,0
19-07-24,22:56:15,25,36,0
19-07-24,22:56:30,25,36,0
19-07-24,22:56:45,25,36,0
19-07-24,22:57:00,25,36,0
19-07-24,22:57:15,25,36,0
19-07-24,22:57:30,25,35,0
19-07-24,22:57:45,25,35,0
19-07-24,22:58:00,25,35,0
19-07-24,22:58:15,25,35,0
19-07-24,22:58:30,25,35,0
19-07-24,22:58:45,24,35,0
19-07-24,22:59:00,25,35,0
19-07-24,22:59:15,25,35,0
19-07-24,22:59:30,24,34,0
19-07-24,22:59:45,25,34,0
19-07-24,23:00:00,25,34,0
19-07-24,23:00:15,25,34,0
19-07-24,23:00:30,25,34,0
19-07-24,23:00:45,25,34,0
19-07-24,23:01:00,25,34,0
19-07-24,23:01:15,25,34,0
19-07-24,23:01:30,25,34,0
19-07-24,23:01:45,25,34,0
19-07-24,23:02:00,25,34,0
19-07-24,23:02:15,25,34,0
19-07-24,23:02:30,25,34,0
19-07-24,23:02:45,25,34,0
19-07-24,23:03:00,24,34,0
19-07-24,23:03:15,24,34,0
19-07-24,23:03:30,24,34,0
19-07-24,23:03:45,24,34,0
19-07-24,23:04:00,24,34,0
19-07-24,23:04:15,24,34,0
19-07-24,23:04:30,24,34,0
19-07-24,23:04:45,24,34,0
19-07-24,23:05:00,24,35,0
19-07-24,23:05:15,24,35,0
19-07-24,23:05:30,24,35,0
19-07-24,23:05:45,24,35,0
19-07-24,23:06:00,24,35,0
19-07-24,23:06:15,24,35,0
19-07-24,23:06:30,24,35,0
19-07-24,23:06:45,24,34,0
19-07-24,23:07:00,24,34,0
19-07-24,23:07:15,24,34,0
19-07-24,23:07:30,24,34,0
19-07-24,23:07:45,24,35,0
19-07-24,23:08:00,24,34,0
19-07-24,23:08:15,24,35,0
19-07-24,23:08:30,24,35,0
19-07-24,23:08:45,24,35,0
19-07-24,23:09:00,24,35,0
19-07-24,23:09:15,24,35,0
19-07-24,23:09:30,25,35,0
19-07-24,23:09:45,25,35,0
19-07-24,23:10:00,25,35,0
19-07-24,23:10:15,24,35,0
19-07-24,23:10:30,24,34,0
19-07-24,23:10:45,24,35,0
19-07-24,23:11:00,25,35,0
19-07-24,23:11:15,25,34,0
19-07-24,23:11:30,25,34,0
19-07-24,23:11:45,25,34,0
19-07-24,23:12:00,25,34,0
19-07-24,23:12:15,25,34,0
19-07-24,23:12:30,25,34,0
19-07-24,23:12:45,24,34,0
19-07-24,23:13:00,24,34,0
19-07-24,23:13:15,24,34,0
19-07-24,23:13:30,25,33,0
19-07-24,23:13:45,25,33,0
19-07-24,23:14:00,25,33,0
19-07-24,23:14:15,25,33,0
19-07-24,23:14:30,25,33,0
19-07-24,23:14:45,25,33,0
19-07-24,23:15:00,25,33,0
19-07-24,23:15:15,25,33,0
19-07-24,23:15:30,25,33,0
19-07-24,23:15:45,25,33,0
19-07-24,23:16:00,25,33,0
19-07-24,23:16:15,25,33,0
19-07-24,23:16:30,25,33,0
19-07-24,23:16:45,25,33,0
19-07-24,23:17:00,25,33,0
19-07-24,23:17:15,25,33,0
19-07-24,23:17:30,25,33,0
19-07-24,23:17:45,25,33,0
19-07-24,23:18:00,25,33,0
19-07-24,23:18:15,25,33,0
19-07-24,23:18:30,25,33,0
19-07-24,23:18:45,25,33,0
19-07-24,23:19:00,25,33,0
19-07-24,23:19:15,25,33,0
19-07-24,23:19:30,25,33,0
19-07-24,23:19:45,25,33,0
19-07-24,23:20:00,25,33,0
19-07-24,23:20:15,25,33,0
19-07-24,23:20:30,25,33,0
19-07-24,23:20:45,25,33,0
19-07-24,23:21:00,25,32,0
19-07-24,23:21:15,25,32,0
19-07-24,23:21:30,25,32,0
19-07-24,23:21:45,25,32,0
19-07-24,23:22:00,25,32,0
19-07-24,23:22:15,25,32,0
19-07-24,23:22:30,25,32,0
19-07-24,23:22:45,25,32,0
19-07-24,23:23:00,25,32,0
19-07-24,23:23:15,25,32,0
19-07-24,23:23:30,25,32,0
19-07-24,23:23:45,25,32,0
19-07-24,23:24:00,25,32,0
19-07-24,23:24:15,25,32,0
19-07-24,23:24:30,25,32,0
19-07-24,23:24:45,25,32,0
19-07-24,23:25:00,25,32,0
19-07-24,23:25:15,25,32,0
19-07-24,23:25:30,25,32,0
19-07-24,23:25:45,25,32,0
19-07-24,23:26:00,25,32,0
19-07-24,23:26:15,25,32,0
19-07-24,23:26:30,25,32,0
19-07-24,23:26:45,25,32,0
19-07-24,23:27:00,25,32,0
19-07-24,23:27:15,25,31,0
19-07-24,23:27:30,25,31,0
19-07-24,23:27:45,25,31,0
19-07-24,23:28:00,25,31,0
19-07-24,23:28:15,25,31,0
19-07-24,23:28:30,25,31,0
19-07-24,23:28:45,25,31,0
19-07-24,23:29:00,25,31,0
19-07-24,23:29:15,25,31,0
19-07-24,23:29:30,25,31,0
19-07-24,23:29:45,25,31,0
19-07-24,23:30:00,25,31,0
19-07-24,23:30:15,25,31,0
19-07-24,23:30:30,25,31,0
19-07-24,23:30:45,25,31,0
19-07-24,23:31:00,25,31,0
19-07-24,23:31:15,25,31,0
19-07-24,23:31:30,25,31,0
19-07-24,23:31:45,25,31,0
19-07-24,23:32:00,25,31,0
19-07-24,23:32:15,25,30,0
19-07-24,23:32:30,25,30,0
19-07-24,23:32:45,25,30,0
19-07-24,23:33:00,25,30,0
19-07-24,23:33:15,25,30,0
19-07-24,23:33:30,25,30,0
19-07-24,23:33:45,25,30,0
19-07-24,23:34:00,25,30,0
19-07-24,23:34:15,25,30,0
19-07-24,23:34:30,25,30,0
19-07-24,23:34:45,25,30,0
19-07-24,23:35:00,25,30,0
19-07-24,23:35:15,25,30,0
19-07-24,23:35:30,25,30,0
19-07-24,23:35:45,25,30,0
19-07-24,23:36:00,25,30,0
19-07-24,23:36:15,25,30,0
19-07-24,23:36:30,25,30,0
19-07-24,23:36:45,25,30,0
19-07-24,23:37:00,25,30,0
19-07-24,23:37:15,25,30,0
19-07-24,23:37:30,25,30,0
19-07-24,23:37:45,25,30,0
19-07-24,23:38:00,25,30,0
19-07-24,23:38:15,25,30,0
19-07-24,23:38:30,25,30,0
19-07-24,23:38:45,25,30,0
19-07-24,23:39:00,25,30,0
19-07-24,23:39:15,25,30,0
19-07-24,23:39:30,25,30,0
19-07-24,23:39:45,25,30,0
19-07-24,23:40:00,25,30,0
19-07-24,23:40:15,25,30,0
19-07-24,23:40:30,25,30,0
19-07-24,23:40:45,25,30,0
19-07-24,23:41:00,25,30,0
19-07-24,23:41:15,25,30,0
19-07-24,23:41:30,25,30,0
19-07-24,23:41:45,25,30,0
19-07-24,23:42:00,25,30,0
19-07-24,23:42:15,25,30,0
19-07-24,23:42:30,25,30,0
19-07-24,23:42:45,25,29,0
19-07-24,23:43:00,25,29,0
19-07-24,23:43:15,25,29,0
19-07-24,23:43:30,25,29,0
19-07-24,23:43:45,25,29,0
19-07-24,23:44:00,25,30,0
19-07-24,23:44:15,25,30,0
19-07-24,23:44:30,25,30,0
19-07-24,23:44:45,25,29,0
19-07-24,23:45:00,25,29,0
19-07-24,23:45:30,25,30,0
19-07-24,23:45:45,25,30,0
19-07-24,23:46:00,25,30,0
19-07-24,23:46:15,25,30,0
19-07-24,23:46:30,25,30,0
19-07-24,23:46:45,25,30,0
19-07-24,23:47:00,25,30,0
19-07-24,23:47:15,25,30,0
19-07-24,23:47:30,25,30,0
19-07-24,23:47:45,25,29,0
19-07-24,23:48:00,25,29,0
19-07-24,23:48:15,25,29,0
19-07-24,23:48:30,25,29,0
19-07-24,23:48:45,25,29,0
19-07-24,23:49:00,25,29,0
19-07-24,23:49:15,25,29,0
19-07-24,23:49:30,25,29,0
19-07-24,23:49:45,25,29,0
19-07-24,23:50:00,25,29,0
19-07-24,23:50:15,25,29,0
19-07-24,23:50:30,25,29,0
19-07-24,23:50:45,25,29,0
19-07-24,23:51:00,25,29,0
19-07-24,23:51:15,25,29,0
19-07-24,23:51:30,25,29,0
19-07-24,23:51:45,25,29,0
19-07-24,23:52:00,25,29,0
19-07-24,23:52:15,25,29,0
19-07-24,23:52:30,25,29,0
19-07-24,23:52:45,25,29,0
19-07-24,23:53:00,25,29,0
19-07-24,23:53:15,25,29,0
19-07-24,23:53:30,25,29,0
19-07-24,23:53:45,25,29,0
19-07-24,23:54:00,25,29,0
19-07-24,23:54:15,25,29,0
19-07-24,23:54:30,25,29,0
19-07-24,23:54:45,25,29,0
19-07-24,23:55:00,25,30,0
19-07-24,23:55:15,25,29,0
19-07-24,23:55:30,25,29,0
19-07-24,23:55:45,25,29,0
19-07-24,23:56:00,25,29,0
19-07-24,23:56:15,25,29,0
19-07-24,23:56:30,25,29,0
19-07-24,23:56:45,25,29,0
19-07-24,23:57:00,25,29,0
19-07-24,23:57:15,25,29,0
19-07-24,23:57:30,25,29,0
19-07-24,23:57:45,25,29,0
19-07-24,23:58:00,25,29,0
19-07-24,23:58:15,25,29,0
19-07-24,23:58:30,25,29,0
19-07-24,23:58:45,25,29,0
19-07-24,23:59:00,25,29,0
19-07-24,23:59:15,25,29,0
19-07-24,23:59:30,25,29,0
19-07-24,23:59:45,25,29,0
19-07-25,00:00:00,25,29,0
